15,0,0,0,0,0,0,0,0,0,0,0,0,0,0,0,0,0,0,0,0,0,0,1,0,0,0,0,0,0,0,0,0,0,0,0,0,0,0,1,0,0,0,0,0,0,0,1,0,0,0,0,0,0,0,1,1,0,0,0,0,0,51,4,1,0,0,0,0,0,264,47,0,1,0,0,0,3,192,5,0,1,0,0,1,0,0,0,0,0,0,0,1,0,0,0,0,1,0,0,1,0,0,0,0,0,0,0,1,0,0,0,0,1,0,0,0,1,0,0,0,1,0,0,1,0,0,1,0,0,1,0,0,1,1,1,1,0,1,0,0,0,50,57,3,1,0,0,0,0,192,186,0,0,0,0,0,5,278,199,0,1,0,0,1,0,0,0,0,0,0,0,1,0,0,0,0,1,0,0,0,1,0,0,0,0,0,0,1,1,0,0,1,1,0,0,1,2,0,0,1,0,0,0,1,1,0,0,1,0,1,0,0,2,1,1,1,0,1,0,0,0,46,57,5,0,0,0,0,1,63,237,0,0,0,0,0,3,187,266,0,1,1,1,0,0,1,0,0,1,1,0,1,0,0,0,0,1,1,0,1,0,1,0,0,1,1,1,1,0,1,0,0,1,2,1,3,3,0,0,2,1,2,1,2,0,0,0,0,1,5,1,7,3,6,0,0,1,4,4,53,0,39,56,8,0,0,0,2,3,6,194,108,0,0,0,0,0,31,338,130,0,1,1,0,0,0,0,0,0,0,1,0,0,0,0,0,0,0,1,0,1,0,0,0,0,1,2,0,1,1,0,0,1,2,3,4,4,0,0,3,0,48,50,2,1,0,0,1,0,55,185,65,54,102,48,0,0,4,283,321,43,104,151,9,0,0,3,163,82,7,191,163,0,0,0,0,74,33,337,219,0,1,0,0,0,0,0,0,0,0,0,0,0,0,0,0,1,1,0,0,0,0,0,0,1,2,0,0,1,2,0,0,2,3,3,5,3,0,0,3,0,49,50,3,1,0,0,0,0,100,246,66,54,104,49,0,0,7,323,325,43,148,192,9,0,0,63,253,135,53,195,163,0,0,0,48,121,36,337,285,1,1,0,1,0,1,0,0,1,1,0,1,0,1,0,0,2,1,0,1,0,1,0,0,2,3,1,1,2,3,0,0,3,4,5,8,4,0,0,4,1,49,51,4,2,1,0,0,1,101,245,67,55,107,50,0,0,10,327,329,44,150,195,10,0,0,64,308,186,53,243,166,1,0,0,49,125,39,333,336,0,0,0,0,0,1,1,0,0,0,0,0,0,0,2,0,0,1,0,0,0,2,0,0,3,4,2,0,0,4,1,0,4,5,6,12,4,0,0,4,2,49,51,5,3,1,0,0,1,104,240,66,56,111,51,0,0,15,334,335,44,155,200,11,0,0,65,306,183,53,244,169,2,0,0,52,162,44,325,333,0,1,0,0,0,2,1,0,0,1,0,1,0,1,3,0,0,1,1,1,0,2,2,0,4,5,3,1,1,5,2,0,4,6,7,13,5,0,0,4,3,49,50,6,4,1,1,0,2,105,236,67,57,112,52,1,1,18,335,336,44,158,201,12,0,0,66,266,179,53,242,170,3,1,0,52,120,47,321,329,0,0,0,0,1,0,0,1,0,0,1,0,1,0,3,0,0,0,2,0,1,2,2,1,0,5,4,0,1,5,0,0,0,6,8,13,4,0,0,5,0,47,49,6,5,0,0,1,0,104,232,67,58,110,52,1,0,19,335,334,44,158,199,11,1,0,67,223,173,51,239,171,1,0,0,50,118,47,319,325,0,1,0,0,0,1,1,0,1,1,0,1,0,1,5,0,0,1,1,1,0,1,4,0,2,7,4,1,1,6,2,0,2,8,9,15,5,0,0,5,1,45,47,8,6,0,1,1,1,58,174,67,59,110,54,1,1,23,291,327,44,155,197,10,0,0,61,170,116,46,229,173,3,1,0,47,112,49,315,320,0,0,1,0,0,0,0,1,0,0,0,0,0,0,0,1,0,0,1,0,0,0,3,1,0,6,3,0,1,5,2,0,2,7,9,14,4,0,0,6,0,42,44,8,5,0,0,1,0,54,59,64,58,106,52,1,0,20,105,125,42,75,194,10,0,0,21,51,73,43,179,174,2,1,0,1,57,48,252,318,1,0,0,0,0,0,0,0,1,0,0,0,0,0,0,0,0,0,0,0,0,0,1,0,1,6,3,0,0,5,1,0,0,6,8,13,4,0,0,5,0,37,3,7,3,0,0,0,1,50,14,20,16,48,46,0,0,19,35,43,37,27,99,9,0,0,18,45,21,0,94,172,0,0,0,0,0,6,201,259,2,1,1,0,0,0,0,0,2,1,1,0,0,0,0,0,0,0,0,0,0,0,0,0,1,5,4,0,0,4,0,0,0,3,5,9,5,0,0,2,0,29,0,4,1,0,0,0,1,38,10,19,12,39,36,0,0,16,27,35,29,24,89,9,2,0,13,0,17,0,90,168,0,0,0,0,0,3,199,260,2,0,1,1,0,0,0,0,1,0,0,0,0,0,0,0,0,0,0,1,0,0,0,0,0,0,1,1,0,0,0,0,0,0,4,8,5,0,0,1,0,0,0,4,0,0,0,0,0,0,8,17,10,35,31,0,0,0,23,30,25,23,83,9,2,0,11,0,15,1,135,109,0,0,0,0,0,4,241,131,0.65170466,-0.061089856,-0.066796306,0.612967313,-0.07217379,-0.078880433,0.736259354,-0.226481976,-0.063634859,0.685860805,-0.171936781,-0.052836317,,,,,,,,,,,,,,,,,,,,,,,,,,,,,,,,,,,,,,,,,,,,,,,,,,,,,,,,,,,,,,,,,,,,,,,,,,,,,,,,,,,,,,,,,,,,,,,,,,,,,,,,,,,,,,,,,,,,,,,,,,,,,,,,,,,,,,,,,,,,,,,,,,,,,,,,,,,,,,,,,,,,,,,,,,,,,,,,,,,,,,,,,,,,,,,,,,,,,,,,,,,,,,,,,,,,,,,,,,,,,,,,,,,,,,,,,,,,,,,,,,,,,,,,,,,,,,,,,,,,,,,,,,,,,,,,,,,,,,,,,,,,,,,,,,,,,,,,,,,,,,,,,,,,,,,,,,,,,,,,,,,,,,,,,,,,,,,,,,,,,,,,,,,,,,,,,,,,,,,,,,,,,,,,,,,,,,,,,,,,,,,,,,,,,,,,,,,,,,,,,,,,,,,,,,,,,,,,,,,,,,,,,,,,,,,,,,,,,,,,,,,,,,,,,,,,,,,,,,,,,,,,,,,,,,,,,,,,,,,,,,,,,,,,,,,,,,,,,,,,,,,,,,,,,,,,,,,,,,,,,,,,,,,,,,,,,,,,,,,,,,,,,,,,,,,,,,,,,,,,,,,,,,,,,,,,,,,,,,,,,,,,,,,,,,,,,,,,,,,,,,,,,,,,,,,,,,,,,,,,,,,,,,,,,,,,,,,,,,,,,,,,,,,,,,,,,,,,,,,,,,,,,,,,,,,,,,,,,,,,,,,,,,,,,,,,,,,,,,,,,,,,,,,,,,,,,,,,,,,,,,,,,,,,,,,,
5,0,0,0,0,1,0,0,1,2,0,0,0,1,0,0,1,0,2,2,0,1,0,0,1,1,1,2,0,1,2,0,1,0,0,1,3,7,2,11,50,0,0,0,0,1,0,7,11,0,1,0,3,1,2,37,45,0,3,1,0,2,5,12,13,3,0,2,1,5,2,9,48,1,2,0,0,4,91,315,410,0,0,1,1,0,0,0,0,0,0,0,0,0,0,0,0,0,1,2,0,0,0,0,0,0,1,2,0,0,3,0,0,0,0,0,3,5,1,10,44,0,0,0,0,0,0,6,9,0,1,1,4,0,2,33,40,0,3,0,0,2,7,13,13,0,0,3,0,7,54,237,355,3,1,1,1,2,86,177,172,1,1,1,1,0,1,0,0,0,1,1,1,0,1,1,0,1,1,2,1,0,1,1,1,0,1,2,1,0,3,1,0,1,1,0,2,3,1,8,38,0,1,0,1,0,1,4,7,0,1,1,5,1,3,31,38,0,1,1,1,2,51,190,365,0,0,3,1,9,53,199,157,2,0,1,2,3,23,27,19,2,0,0,0,0,0,1,0,1,0,2,0,0,0,0,0,0,0,1,1,0,0,0,0,0,0,0,0,0,0,0,271,1,0,0,0,0,0,171,301,0,0,1,0,0,0,135,22,0,0,0,0,0,6,0,16,0,1,1,0,3,44,14,24,0,0,1,0,10,3,27,6,2,0,0,1,4,20,22,14,2,0,0,0,0,1,1,0,0,0,3,0,0,1,50,41,0,0,0,0,0,0,281,65,0,1,0,1,0,44,98,0,2,0,1,0,0,0,0,0,0,0,0,0,0,1,0,18,0,0,0,0,0,5,0,14,0,2,2,0,4,38,14,22,0,0,2,1,11,2,24,10,2,0,0,1,4,17,19,13,0.57276561,-0.155513472,-0.074162954,0.786477087,-0.399227327,-0.055866033,,,,,,,,,,,,,,,,,,,,,,,,,,,,,,,,,,,,,,,,,,,,,,,,,,,,,,,,,,,,,,,,,,,,,,,,,,,,,,,,,,,,,,,,,,,,,,,,,,,,,,,,,,,,,,,,,,,,,,,,,,,,,,,,,,,,,,,,,,,,,,,,,,,,,,,,,,,,,,,,,,,,,,,,,,,,,,,,,,,,,,,,,,,,,,,,,,,,,,,,,,,,,,,,,,,,,,,,,,,,,,,,,,,,,,,,,,,,,,,,,,,,,,,,,,,,,,,,,,,,,,,,,,,,,,,,,,,,,,,,,,,,,,,,,,,,,,,,,,,,,,,,,,,,,,,,,,,,,,,,,,,,,,,,,,,,,,,,,,,,,,,,,,,,,,,,,,,,,,,,,,,,,,,,,,,,,,,,,,,,,,,,,,,,,,,,,,,,,,,,,,,,,,,,,,,,,,,,,,,,,,,,,,,,,,,,,,,,,,,,,,,,,,,,,,,,,,,,,,,,,,,,,,,,,,,,,,,,,,,,,,,,,,,,,,,,,,,,,,,,,,,,,,,,,,,,,,,,,,,,,,,,,,,,,,,,,,,,,,,,,,,,,,,,,,,,,,,,,,,,,,,,,,,,,,,,,,,,,,,,,,,,,,,,,,,,,,,,,,,,,,,,,,,,,,,,,,,,,,,,,,,,,,,,,,,,,,,,,,,,,,,,,,,,,,,,,,,,,,,,,,,,,,,,,,,,,,,,,,,,,,,,,,,,,,,,,,,,,,,,,,,,,,,,,,,,,,,,,,,,,,,,,,,,,,,,,,,,,,,,,,,,,,,,,,,,,,,,,,,,,,,,,,,,,,,,,,,,,,,,,,,,,,,,,,,,,,,,,,,,,,,,,,,,,,,,,,,,,,,,,,,,,,,,,,,,,,,,,,,,,,,,,,,,,,,,,,,,,,,,,,,,,,,,,,,,,,,,,,,,,,,,,,,,,,,,,,,,,,,,,,,,,,,,,,,,,,,,,,,,,,,,,,,,,,,,,,,,,,,,,,,,,,,,,,,,,,,,,,,,,,,,,,,,,,,,,,,,,,,,,,,,,,,,,,,,,,,,,,,,,,,,,,,,,,,,,,,,,,,,,,,,,,,,,,,,,,,,,,,,,,,,,,,,,,,,,,,,,,,,,,,,,,,,,,,,,,,,,,,,,,,,,,,,,,,,,,,,,,,,,,,,,,,,,,,,,,,,,,,,,,,,,,,,,,,,,,,,,,,,,,,,,,,,,,,,,,,,,,,,,,,,,,,,,,,,,,,,,,,,,,,,,,,,,,,,,,,,,,,,,,,,,,,,,,,,,,,,,,,,,,,,,,,,,,,,,,,,,,,,,,,,,,,,,,,,,,,,,,,,,,,,,,,,,,,,,,,,,,,,,,,,,,,,,,,,,,,,,,,,,,,,,,,,,,,,,,,,,,,,,,,,,,,,,,,,,,,,,,,,,,,,,,,,,,,,,,,,,,,,,,,,,,,,,,,,,,,,,,,,,,,,,,,,,,,,,,,,,,,,,,,,,,,,,,,,,,,,,,,,,,,,,,,,,,,,,,,,,,,,,,,,,,,,,,,,,,,,,,,,,,,,,,,,,,,,,,,,,,,,,,,,,,,,,,,,,,,,,,,,,,,,,,,,,,,,,,,,,,,,,,,,,,,,,,,,,,,,,,
18,0,0,0,0,0,0,1,0,0,0,0,1,0,0,1,0,1,0,0,1,0,0,0,1,1,1,1,1,1,0,1,0,0,1,0,2,0,0,0,1,0,1,0,2,0,0,1,0,0,96,132,3,0,0,1,0,2,186,239,3,0,0,2,0,1,79,72,0,0,0,1,0,0,2,0,1,1,2,1,0,1,0,0,0,0,1,0,0,1,0,0,0,0,0,0,0,0,0,0,0,0,0,0,0,2,0,0,0,0,1,0,0,1,0,0,1,0,0,0,1,1,1,0,2,0,0,0,0,0,17,46,85,1,1,0,0,0,0,280,196,1,0,3,0,0,64,316,96,2,0,1,0,47,319,148,0,1,5,2,0,1,0,0,0,1,0,0,0,0,0,0,0,0,1,0,0,0,0,0,0,0,0,0,0,2,0,0,0,1,0,0,0,1,0,0,1,1,1,0,1,1,1,0,2,1,1,0,0,0,14,0,124,2,1,0,0,0,0,181,269,4,1,2,0,0,20,318,183,4,0,2,0,46,271,246,0,1,3,4,0,1,0,0,0,0,1,0,1,1,0,0,0,0,1,0,1,0,0,0,0,1,1,0,1,0,0,0,0,1,1,0,0,2,0,0,1,1,1,0,1,1,1,0,2,0,1,0,0,0,13,0,61,3,3,0,1,0,0,42,266,12,3,3,2,0,0,256,262,47,1,3,2,35,168,297,14,2,7,7,2,0,0,0,0,0,0,0,0,2,0,0,0,0,0,0,0,0,0,0,0,0,0,0,0,1,1,0,0,1,0,0,0,3,1,0,1,0,0,0,0,1,2,0,2,0,0,0,0,1,14,0,59,3,3,0,0,1,0,40,264,15,2,4,2,0,0,252,302,47,0,4,2,29,164,299,56,1,7,8,2,1,0,2,0,0,1,0,1,0,1,1,0,0,1,0,0,0,0,1,0,0,1,0,1,0,1,1,0,0,1,0,0,4,1,0,1,0,0,0,2,0,2,0,2,0,0,0,0,2,12,0,59,3,0,0,0,2,0,31,264,103,0,0,4,0,0,166,306,103,2,1,4,21,110,304,102,0,3,4,5,1,0,3,0,0,0,0,0,1,0,2,0,0,1,0,0,1,0,2,0,0,0,0,0,1,0,2,0,0,0,0,0,5,2,0,1,0,0,0,2,1,3,3,2,0,0,0,0,4,12,0,58,6,0,0,0,3,0,27,259,107,0,0,2,0,0,116,308,105,2,2,4,17,69,305,164,0,5,7,5,0,0,1,0,0,0,0,0,0,1,2,0,0,1,0,0,1,1,2,0,0,0,0,0,0,0,1,0,0,1,0,1,5,2,0,1,0,0,1,1,1,4,5,2,0,0,0,0,6,13,0,56,10,1,1,0,3,0,23,185,166,0,1,0,0,0,69,307,168,3,3,2,13,20,301,215,0,6,9,4,0,1,1,0,0,0,0,0,0,0,3,0,0,0,0,0,1,1,1,0,0,0,0,1,1,1,3,0,0,0,0,0,1,2,2,2,0,0,2,2,3,8,11,5,0,0,0,0,52,14,0,51,51,3,2,0,3,44,16,73,217,2,0,0,0,0,16,210,265,6,4,2,0,13,178,273,59,4,10,6,0,1,0,1,0,1,0,0,0,1,0,1,0,0,0,0,0,2,0,0,0,0,1,0,0,2,3,0,0,0,0,0,1,4,3,3,0,0,2,3,5,11,14,7,0,0,0,0,54,17,0,50,49,4,2,0,3,47,14,25,263,5,0,1,0,0,14,159,317,11,2,3,0,11,123,276,103,5,2,7,0,0,0,0,0,0,0,1,0,0,0,0,0,0,0,1,0,2,0,0,0,0,0,0,0,2,3,0,0,0,0,0,1,6,6,3,0,0,2,4,49,11,63,52,0,0,0,0,191,65,0,52,44,3,1,0,5,99,13,22,261,9,0,2,0,0,13,155,316,56,2,4,0,7,118,278,155,5,2,9,0,1,0,1,0,0,0,1,0,0,0,0,0,0,0,1,0,1,0,0,0,0,0,0,1,6,2,0,0,0,0,0,1,12,12,6,0,0,4,1,144,9,65,57,0,0,0,0,319,135,0,56,0,3,0,0,3,177,12,12,256,49,0,0,0,0,12,108,320,61,4,2,0,0,70,280,199,8,4,3,0,0,0,1,0,0,0,1,0,0,0,0,0,0,0,1,0,0,0,0,0,0,0,0,1,6,3,0,0,0,0,0,1,12,55,8,0,0,4,1,198,7,66,103,0,0,0,0,315,194,0,53,0,2,0,0,1,180,15,6,253,52,0,0,0,0,13,105,322,103,4,2,0,0,66,280,196,10,4,3,0,0,0,0,0,0,0,0,0,1,0,0,0,0,0,0,0,0,0,0,0,0,1,0,0,2,1,0,0,0,0,0,1,10,56,12,0,0,2,1,241,7,62,105,0,0,0,0,196,203,0,46,45,0,0,0,0,117,55,0,248,90,1,0,0,0,11,97,322,104,2,2,0,0,21,276,196,10,0,3,0,0,0,0,0,0,0,0,0,0,0,0,0,0,0,0,0,0,0,0,0,0,0,0,0,2,2,0,0,0,0,0,1,9,53,14,0,0,3,0,99,10,57,56,0,0,0,0,62,123,0,42,47,1,0,0,0,57,52,0,245,91,2,0,0,0,10,93,321,106,3,0,0,0,19,274,198,10,0,0,0,0,0,0,0,0,0,0,0,1,0,0,0,1,0,0,1,1,0,1,0,0,1,0,0,3,3,1,0,0,0,0,1,11,44,16,0,0,4,0,36,14,46,50,0,0,0,0,6,51,0,34,51,45,5,0,0,13,10,0,235,141,3,0,0,0,6,41,314,148,2,0,0,0,13,182,202,8,0,0,0,0,1,1,0,0,0,0,0,0,1,1,0,0,0,0,1,1,1,0,0,0,0,0,0,2,4,0,0,0,0,0,1,11,40,14,0,0,3,0,30,13,40,9,0,0,0,0,4,45,0,30,51,45,7,0,0,11,8,0,230,144,3,0,0,0,4,39,309,146,2,0,0,0,11,128,199,8,0,0,0,0,2,0,0,0,0,0,0,0,2,0,0,0,0,0,0,1,2,0,0,0,1,0,0,0,2,0,0,0,0,0,0,9,36,13,0,0,4,0,25,11,34,8,0,0,0,0,1,40,0,26,53,43,10,1,0,11,6,0,230,143,3,0,0,0,4,38,305,91,2,0,0,0,9,70,135,8,0,0,0.609464072,-0.053868594,-0.048885132,0.658508338,-0.108422427,-0.065171795,1.296838838,-0.152129532,-0.045566508,,,,,,,,,,,,,,,,,,,,,,,,,,,,,,,,,,,,,,,,,,,,,,,,,,,,,,,,,,,,,,,,,,,,,,,,,,,,,,,,,,,,,,,,,,,,,,,,,,,,,,,,,,,,,,,,,,,,,,,,,,,,,,,,,,,,,,,,,,,,,,,,,,,,,,,,,,,,,,,,,,,,,,,,,,,,,,,,,,,,,,,,,,,,,,,,,,,,,,,,,,,,,,,,,,,,,,,,,,,,,,,,,,,,,,,,,,,,,,,,,,,,,,,,,,,,,,,,,,,,,,,,,,,,,,,,,,,,,,,,,,,,,,,,,,,,,,,,,,,,,,,,,,,,,,,,,,,,,,,,,,,,,,,,,,,,,,,,,,,,,,,,,,,,,,,,,,,,,,,,,,,,,,,,,,,,,,,,,,,,,,,,,,,,,,,,,,,,,,,,,,,,,,,,,,,,,,,,,,,,,,,,,,,,,,,,,,,,,,,,,,,,,,,,,,,,,,,,,,,,,,,,,,,,,,,,,,,,,,,,,,,,,,,,,,,,,,,
14,0,0,1,0,0,1,1,1,2,0,1,1,1,0,1,1,1,0,1,1,0,1,0,1,2,0,1,1,0,0,1,0,1,0,1,1,1,1,0,1,0,0,0,1,0,0,1,1,1,3,0,5,0,3,0,1,0,12,5,4,13,11,8,3,4,0,50,4,68,52,11,2,2,1,46,46,55,140,53,1,0,0,0,0,0,0,0,1,0,0,1,0,0,0,0,0,0,0,1,0,0,0,0,0,0,0,1,0,1,0,0,0,0,0,1,0,2,0,0,1,0,0,0,1,0,0,0,0,1,5,0,7,1,3,0,0,2,185,101,6,64,11,8,3,4,195,385,81,71,98,11,2,0,4,188,95,55,140,53,0,0,0,0,0,1,0,0,1,0,1,0,0,0,0,0,0,0,1,1,0,1,0,0,1,0,1,0,0,1,1,0,0,0,1,1,1,2,0,0,2,0,1,0,1,1,0,0,0,3,8,0,10,2,4,1,0,7,249,102,10,62,12,7,1,5,263,424,81,74,58,12,3,1,52,289,153,56,137,53,0,0,0,1,0,0,0,0,0,0,0,1,0,0,0,0,0,0,0,3,0,1,0,0,0,0,1,1,0,0,1,0,0,0,1,2,2,2,0,0,2,0,2,1,1,0,0,0,0,5,12,0,13,2,5,2,0,55,253,104,15,58,11,4,0,6,316,424,78,77,57,13,4,1,61,361,160,58,177,56,1,0,0,0,0,1,0,0,0,0,1,0,0,1,0,0,0,0,0,2,0,1,1,0,0,0,2,1,0,1,2,0,0,0,2,2,3,2,0,0,0,0,3,0,1,0,0,0,0,7,15,0,14,3,6,3,0,56,307,105,18,56,9,3,0,7,320,422,77,80,104,14,2,2,115,403,163,61,222,60,2,1,0,0,1,0,1,1,1,1,0,1,1,0,1,1,0,0,0,3,1,0,2,1,1,1,0,2,1,1,2,1,0,1,1,3,3,2,1,1,1,1,3,0,1,0,0,0,0,9,15,0,15,2,7,4,1,57,305,105,21,54,8,2,1,8,324,421,76,82,105,15,3,3,115,404,166,62,224,65,3,0,0,0,0,0,0,0,0,0,0,1,0,1,0,0,0,0,0,4,0,0,2,0,0,0,0,2,0,1,0,0,0,0,0,3,2,3,0,0,0,0,3,1,1,0,0,0,0,9,16,0,15,2,7,4,0,57,301,105,21,53,7,0,1,8,329,420,74,85,105,15,3,3,116,405,169,63,225,69,3,0,0,0,0,0,0,0,1,0,0,1,0,0,0,0,1,0,0,5,1,0,3,1,1,1,0,3,1,1,1,1,0,0,0,0,0,1,0,0,1,1,3,1,1,0,0,0,0,11,17,0,17,2,9,6,1,60,296,103,23,50,9,1,3,12,372,416,68,90,104,17,4,5,117,407,175,67,233,77,5,0,0,0,0,1,0,0,0,0,0,1,0,0,0,0,0,0,0,1,0,1,0,0,0,0,0,4,0,2,0,0,0,0,0,1,0,1,0,0,0,0,3,2,0,0,0,0,0,11,18,0,17,2,9,6,1,61,293,103,23,49,9,0,2,12,372,414,66,92,103,17,0,5,118,408,176,68,233,79,1,0,1,0,0,1,0,0,0,0,1,1,0,1,0,1,0,0,1,0,0,2,0,0,0,0,1,4,0,2,0,0,0,1,1,1,0,1,0,0,1,0,4,1,1,1,0,0,0,12,19,0,18,2,10,7,1,62,289,102,24,48,10,0,3,12,329,412,67,93,100,18,1,5,115,406,177,69,172,80,1,0,0,0,0,0,0,0,0,0,0,1,0,0,0,0,0,0,0,0,0,0,0,0,0,0,0,0,0,0,0,0,0,0,1,1,0,0,0,0,1,0,2,2,0,0,0,0,0,10,19,0,19,3,11,6,0,54,102,100,25,49,12,2,1,11,71,310,67,89,98,19,1,2,14,100,69,64,168,138,0,0,0,0,0,0,0,0,0,1,0,0,0,0,0,0,0,0,0,0,1,0,0,1,0,1,1,0,0,0,1,0,0,0,0,0,0,0,0,1,0,1,1,0,0,1,0,0,0,8,17,0,18,3,11,4,0,5,40,35,24,47,15,5,2,11,4,12,5,47,99,67,2,2,12,20,23,58,126,189,1,1,0,0,1,0,0,0,0,0,0,0,1,0,0,0,0,1,1,0,1,0,0,0,0,0,1,0,1,0,0,0,1,0,0,0,0,0,0,0,0,0,1,0,1,0,0,0,1,6,15,0,16,1,10,2,1,3,37,31,22,43,18,6,2,9,0,11,5,43,58,69,3,3,10,17,19,13,80,190,3,0,0,0,0,0,0,0,0,0,0,0,0,0,0,0,0,1,1,0,0,0,0,0,0,0,0,0,0,0,0,0,0,0,0,0,0,0,0,0,0,0,0,0,0,0,0,0,0,4,13,0,14,0,8,1,0,1,33,27,19,39,18,6,1,7,0,9,3,39,55,67,3,2,9,15,15,12,77,95,3,0.537210262,-0.088746978,-0.071727871,0.713401432,-0.234113142,-0.055606675,0.585917592,-0.183331045,-0.058004022,,,,,,,,,,,,,,,,,,,,,,,,,,,,,,,,,,,,,,,,,,,,,,,,,,,,,,,,,,,,,,,,,,,,,,,,,,,,,,,,,,,,,,,,,,,,,,,,,,,,,,,,,,,,,,,,,,,,,,,,,,,,,,,,,,,,,,,,,,,,,,,,,,,,,,,,,,,,,,,,,,,,,,,,,,,,,,,,,,,,,,,,,,,,,,,,,,,,,,,,,,,,,,,,,,,,,,,,,,,,,,,,,,,,,,,,,,,,,,,,,,,,,,,,,,,,,,,,,,,,,,,,,,,,,,,,,,,,,,,,,,,,,,,,,,,,,,,,,,,,,,,,,,,,,,,,,,,,,,,,,,,,,,,,,,,,,,,,,,,,,,,,,,,,,,,,,,,,,,,,,,,,,,,,,,,,,,,,,,,,,,,,,,,,,,,,,,,,,,,,,,,,,,,,,,,,,,,,,,,,,,,,,,,,,,,,,,,,,,,,,,,,,,,,,,,,,,,,,,,,,,,,,,,,,,,,,,,,,,,,,,,,,,,,,,,,,,,,,,,,,,,,,,,,,,,,,,,,,,,,,,,,,,,,,,,,,,,,,,,,,,,,,,,,,,,,,,,,,,,,,,,,,,,,,,,,,,,,,,,,,,,,,,,,,,,,,,,,,,,,,,,,,,,,,,,,,,,,,,,,,,,,,,,,,,,,,,,,,,,,,,,,,,,,,,,,,,,,,,,,,,,,,,,,,,,,,,,,,,,,,,,,,,,,,,,,,,,,,,,,,,,,,,,,,,,,,,,,,,,,,,,,,,,,,,,,,,,,,,,,,,,,,,,,,,,,,,,,,,,,,,,,,,,,,,,,,,,,,,,,,,,,,,,,,,,,,,,,,,,,,,,,,,,,,,,,,,,
5,0,0,0,1,0,0,0,0,0,0,1,1,0,0,0,0,0,0,0,1,0,0,0,0,0,0,1,2,0,1,0,0,0,0,0,2,0,0,0,0,0,0,0,1,0,4,87,145,0,0,0,0,0,8,277,418,5,0,0,3,3,8,82,181,64,3,3,4,5,0,8,10,150,101,59,5,8,6,0,0,0,0,0,0,0,0,0,0,0,1,1,0,0,0,0,0,0,1,0,0,0,0,0,0,0,0,1,0,0,1,0,0,1,0,0,2,0,0,0,0,0,0,0,0,1,5,143,231,0,0,0,0,0,52,330,422,8,2,0,3,4,11,84,182,109,55,53,5,8,1,12,89,207,191,127,56,50,11,0,0,0,0,0,0,0,0,0,0,0,0,0,0,0,0,0,0,0,1,0,0,0,0,0,0,0,1,0,0,0,1,0,0,0,0,0,1,2,1,8,50,1,1,6,0,4,14,204,324,3,0,0,0,1,53,218,341,11,6,4,2,8,19,86,122,50,5,48,8,18,5,52,74,151,91,69,54,57,66,6,0,0,1,0,1,0,0,0,0,0,1,0,1,0,0,0,0,0,1,0,1,0,0,0,0,0,2,0,1,0,1,0,0,0,0,0,1,3,2,15,51,0,1,8,0,3,16,80,89,2,0,0,0,1,8,56,54,10,7,5,4,9,20,41,72,46,4,41,10,24,6,45,23,55,83,62,54,211,139,8,0,0,0,0,0,0,0,0,0,1,0,0,0,0,0,0,0,0,0,0,0,0,0,0,0,1,2,0,0,0,2,0,0,1,0,1,1,4,3,18,52,0,1,7,0,2,15,40,48,1,0,0,0,0,7,54,53,8,7,6,4,11,20,39,23,40,4,39,12,80,7,41,22,53,31,58,54,213,46,7,0,0.337278683,-0.072197566,-0.073571043,0.852531657,-0.352892933,-0.064278238,,,,,,,,,,,,,,,,,,,,,,,,,,,,,,,,,,,,,,,,,,,,,,,,,,,,,,,,,,,,,,,,,,,,,,,,,,,,,,,,,,,,,,,,,,,,,,,,,,,,,,,,,,,,,,,,,,,,,,,,,,,,,,,,,,,,,,,,,,,,,,,,,,,,,,,,,,,,,,,,,,,,,,,,,,,,,,,,,,,,,,,,,,,,,,,,,,,,,,,,,,,,,,,,,,,,,,,,,,,,,,,,,,,,,,,,,,,,,,,,,,,,,,,,,,,,,,,,,,,,,,,,,,,,,,,,,,,,,,,,,,,,,,,,,,,,,,,,,,,,,,,,,,,,,,,,,,,,,,,,,,,,,,,,,,,,,,,,,,,,,,,,,,,,,,,,,,,,,,,,,,,,,,,,,,,,,,,,,,,,,,,,,,,,,,,,,,,,,,,,,,,,,,,,,,,,,,,,,,,,,,,,,,,,,,,,,,,,,,,,,,,,,,,,,,,,,,,,,,,,,,,,,,,,,,,,,,,,,,,,,,,,,,,,,,,,,,,,,,,,,,,,,,,,,,,,,,,,,,,,,,,,,,,,,,,,,,,,,,,,,,,,,,,,,,,,,,,,,,,,,,,,,,,,,,,,,,,,,,,,,,,,,,,,,,,,,,,,,,,,,,,,,,,,,,,,,,,,,,,,,,,,,,,,,,,,,,,,,,,,,,,,,,,,,,,,,,,,,,,,,,,,,,,,,,,,,,,,,,,,,,,,,,,,,,,,,,,,,,,,,,,,,,,,,,,,,,,,,,,,,,,,,,,,,,,,,,,,,,,,,,,,,,,,,,,,,,,,,,,,,,,,,,,,,,,,,,,,,,,,,,,,,,,,,,,,,,,,,,,,,,,,,,,,,,,,,,,,,,,,,,,,,,,,,,,,,,,,,,,,,,,,,,,,,,,,,,,,,,,,,,,,,,,,,,,,,,,,,,,,,,,,,,,,,,,,,,,,,,,,,,,,,,,,,,,,,,,,,,,,,,,,,,,,,,,,,,,,,,,,,,,,,,,,,,,,,,,,,,,,,,,,,,,,,,,,,,,,,,,,,,,,,,,,,,,,,,,,,,,,,,,,,,,,,,,,,,,,,,,,,,,,,,,,,,,,,,,,,,,,,,,,,,,,,,,,,,,,,,,,,,,,,,,,,,,,,,,,,,,,,,,,,,,,,,,,,,,,,,,,,,,,,,,,,,,,,,,,,,,,,,,,,,,,,,,,,,,,,,,,,,,,,,,,,,,,,,,,,,,,,,,,,,,,,,,,,,,,,,,,,,,,,,,,,,,,,,,,,,,,,,,,,,,,,,,,,,,,,,,,,,,,,,,,,,,,,,,,,,,,,,,,,,,,,,,,,,,,,,,,,,,,,,,,,,,,,,,,,,,,,,,,,,,,,,,,,,,,,,,,,,,,,,,,,,,,,,,,,,,,,,,,,,,,,,,,,,,,,,,,,,,,,,,,,,,,,,,,,,,,,,,,,,,,,,,,,,,,,,,,,,,,,,,,,,,,,,,,,,,,,,,,,,,,,,,,,,,,,,,,,,,,,,,,,,,,,,,,,,,,,,,,,,,,,,,,,,,,,,,,,,,,,,,,,,,,,,,,,,,,,,,,,,,,,,,,,,,,,,,,,,,,,,,,,,,,,,,,,,,,,,,,,,,,,,,,,,,,,,
8,0,0,0,1,0,0,0,0,0,0,2,1,2,0,0,0,0,0,3,1,2,1,0,1,0,2,1,2,2,6,1,1,0,0,1,3,3,2,14,61,0,0,0,1,0,0,230,160,0,1,0,4,1,4,94,197,0,3,0,1,0,3,13,48,0,4,2,1,2,0,7,43,0,3,0,1,4,1,0,1,1,1,1,0,0,0,1,0,0,0,0,0,1,1,1,0,1,1,2,0,3,1,1,1,0,3,0,2,3,11,2,2,1,0,2,2,4,4,120,63,0,2,0,0,0,1,307,256,5,1,0,0,0,3,92,343,4,3,0,0,1,4,12,94,2,3,0,1,4,1,9,45,1,2,1,2,5,5,2,2,0,1,0,1,0,0,0,0,0,0,0,1,0,0,0,0,1,0,2,1,4,1,0,2,0,3,0,2,3,11,1,3,0,0,2,3,3,4,55,61,0,0,0,1,0,0,111,118,5,1,0,1,0,2,88,151,4,3,0,1,1,4,12,93,2,1,0,1,5,0,9,47,1,2,1,3,6,7,44,6,1,1,0,0,1,0,0,1,0,0,0,0,1,0,0,1,0,0,2,0,4,0,0,2,0,3,0,1,2,12,0,3,0,0,2,1,3,4,53,58,0,1,0,0,0,0,12,13,3,2,0,1,0,2,47,56,4,4,0,0,1,5,13,21,3,0,1,1,6,1,11,47,2,1,2,3,6,12,142,189,1,1,0,1,0,0,0,0,0,0,0,1,0,0,0,0,0,0,1,1,3,0,0,1,0,3,0,2,1,11,0,2,0,0,1,2,3,3,51,56,0,1,0,1,0,0,11,12,2,1,0,2,0,1,45,54,3,4,0,1,1,5,13,20,3,0,1,2,6,1,51,46,2,0,2,4,6,13,186,328,0,0,0,1,0,0,1,0,1,1,1,0,0,1,1,0,1,0,0,0,1,1,1,0,1,0,0,0,0,12,1,0,1,1,0,1,0,1,6,8,0,1,0,0,0,1,8,8,0,1,0,2,0,1,35,12,0,2,0,0,2,9,76,131,0,0,0,0,8,4,119,285,0,0,1,1,4,12,21,3,0,0,0,1,0,0,0,0,0,0,0,1,0,0,1,1,0,0,0,0,0,0,0,0,1,0,0,0,0,10,0,0,1,0,0,1,0,0,5,7,0,0,0,1,0,0,6,6,0,0,0,2,0,1,37,193,0,1,0,1,2,9,74,181,0,0,0,0,9,2,34,57,0,0,1,2,5,10,19,3,0,0,0,0,0,0,0,0,1,0,0,0,0,0,0,0,1,0,0,0,1,0,0,1,2,0,0,0,1,9,0,1,2,0,0,0,0,0,5,8,0,0,0,0,0,0,9,200,0,1,0,2,1,2,37,45,0,2,0,1,3,10,18,12,0,0,2,0,10,2,33,52,0,0,2,2,6,11,16,3,0.625151754,-0.161670654,-0.076492703,0.774445452,-0.347946992,-0.055051674,,,,,,,,,,,,,,,,,,,,,,,,,,,,,,,,,,,,,,,,,,,,,,,,,,,,,,,,,,,,,,,,,,,,,,,,,,,,,,,,,,,,,,,,,,,,,,,,,,,,,,,,,,,,,,,,,,,,,,,,,,,,,,,,,,,,,,,,,,,,,,,,,,,,,,,,,,,,,,,,,,,,,,,,,,,,,,,,,,,,,,,,,,,,,,,,,,,,,,,,,,,,,,,,,,,,,,,,,,,,,,,,,,,,,,,,,,,,,,,,,,,,,,,,,,,,,,,,,,,,,,,,,,,,,,,,,,,,,,,,,,,,,,,,,,,,,,,,,,,,,,,,,,,,,,,,,,,,,,,,,,,,,,,,,,,,,,,,,,,,,,,,,,,,,,,,,,,,,,,,,,,,,,,,,,,,,,,,,,,,,,,,,,,,,,,,,,,,,,,,,,,,,,,,,,,,,,,,,,,,,,,,,,,,,,,,,,,,,,,,,,,,,,,,,,,,,,,,,,,,,,,,,,,,,,,,,,,,,,,,,,,,,,,,,,,,,,,,,,,,,,,,,,,,,,,,,,,,,,,,,,,,,,,,,,,,,,,,,,,,,,,,,,,,,,,,,,,,,,,,,,,,,,,,,,,,,,,,,,,,,,,,,,,,,,,,,,,,,,,,,,,,,,,,,,,,,,,,,,,,,,,,,,,,,,,,,,,,,,,,,,,,,,,,,,,,,,,,,,,,,,,,,,,,,,,,,,,,,,,,,,,,,,,,,,,,,,,,,,,,,,,,,,,,,,,,,,,,,,,,,,,,,,,,,,,,,,,,,,,,,,,,,,,,,,,,,,,,,,,,,,,,,,,,,,,,,,,,,,,,,,,,,,,,,,,,,,,,,,,,,,,,,,,,,,,,,,,,,,,,,,,,,,,,,,,,,,,,,,,,,,,,,,,,,,,,,,,,,,,,,,,,,,,,,,,,,,,,,,,,,,,,,,,,,,,,,,,,,,,,,,,,,,,,,,,,,,,,,,,,,,,,,,,,,,,,,,,,,,,,,,,,,,,,,,,,,,,,,,,,,,,,,,,,,,,,,,,,,,,,,,,,,,,,,,,,,,,,,,,,,,,,,,,,,,,,,,,,,,,,,,,,,,,,,,,,,,,,,,,,,,,,,,,,,,,,,,,,,,,,,,,,,,,,,,,,,,,,,,,,,,,,,,,,,,,,,,,,,,,,,,,,,,,,,,,,,,,,,,,,,,,,,,,,,,,,,,,,,,,,,,,,,,,,,,,,,,,,,,,,,,,,,,,,,,,,,,,,,,,,,,,,,,,,,,,,,,,,,,,,,,,,,,,,,,,,,,,,,,,,,,,,,,,,,,,,,,,,,,,,,,,,,,,,,,,,,,,,,,,,,,,,,,,,,,,,,,,,,,,,,,,,,,,,,,,,,,,,,,
21,0,0,0,0,0,0,0,0,0,0,0,0,1,2,1,1,0,2,2,0,0,0,1,0,3,7,2,3,1,4,1,0,8,1,5,2,1,0,0,4,1,5,2,0,1,0,0,1,8,3,0,1,0,7,7,0,2,8,2,0,5,16,54,3,8,0,5,2,12,50,91,9,4,0,4,0,4,23,223,178,0,1,0,0,0,0,0,1,1,1,0,0,0,4,0,1,1,5,5,1,0,0,4,0,6,14,4,6,3,6,3,0,19,3,9,4,3,0,0,7,46,14,10,0,0,0,0,4,56,11,0,0,0,18,47,1,10,12,1,0,8,78,67,10,13,0,0,0,14,107,267,90,4,1,5,1,2,36,285,387,0,0,0,1,0,0,0,0,0,0,0,0,0,2,0,0,0,2,3,2,0,0,1,0,1,4,2,7,4,6,4,0,5,1,1,5,4,0,1,7,0,4,4,1,0,0,1,3,0,4,0,1,0,20,47,0,5,1,0,1,9,79,69,10,2,1,0,0,15,108,263,85,0,0,1,1,2,39,287,345,1,1,0,0,0,0,0,1,0,1,0,0,0,1,0,2,2,4,4,3,0,0,0,1,3,6,3,8,5,4,5,0,7,1,0,5,1,0,0,9,0,4,3,0,0,0,0,2,0,6,0,1,1,22,43,0,5,2,0,2,16,82,63,10,4,1,0,1,18,114,253,36,2,1,1,0,3,46,337,297,0,0,0,1,0,1,1,0,1,0,0,1,0,1,1,1,1,4,5,3,0,0,1,0,0,0,1,2,0,0,1,0,0,0,0,0,0,0,1,1,0,2,2,1,0,0,1,0,0,6,0,2,5,23,41,0,5,2,1,3,58,84,59,9,4,0,0,2,20,167,249,34,3,0,2,1,3,93,340,248,0,1,1,0,1,0,0,0,0,0,1,0,1,0,0,3,0,2,0,2,0,0,1,142,0,1,1,0,0,0,0,319,0,1,1,0,0,0,0,118,0,0,0,1,1,0,0,1,0,2,0,4,48,23,35,0,0,1,1,6,114,84,14,6,0,0,0,3,72,358,190,26,56,1,1,1,0,93,151,84,0,1,1,1,2,0,1,0,0,0,2,0,1,0,1,5,0,2,0,1,0,0,5,219,0,1,0,0,0,0,1,399,0,1,2,1,0,0,2,114,0,0,0,4,0,0,1,1,0,2,0,7,47,22,33,0,1,0,2,51,166,87,13,4,0,0,1,4,123,358,184,22,54,3,2,2,1,88,83,27,0,1,0,1,3,0,1,0,0,1,0,0,1,0,4,6,0,2,0,0,0,0,235,101,0,0,0,0,0,0,243,201,0,1,0,2,1,0,47,68,0,2,2,9,0,0,0,1,0,4,2,61,44,18,27,0,0,2,7,103,269,88,9,0,0,0,0,7,210,356,133,72,51,8,3,3,3,81,71,22,0,0,0,0,0,1,0,0,0,0,1,0,1,1,7,7,0,0,0,0,0,0,294,5,0,0,0,0,0,0,329,47,0,0,0,2,0,1,51,60,0,6,8,14,0,0,0,0,0,3,87,110,37,14,19,0,0,2,53,272,267,18,0,0,0,0,0,14,259,292,58,173,0,3,4,3,8,74,14,15,1,0,0,0,0,0,2,0,0,0,2,0,3,50,9,8,0,0,0,0,0,192,116,1,0,0,0,0,0,224,122,0,0,0,0,0,0,3,53,49,0,50,58,11,0,0,1,0,0,54,181,107,27,0,12,0,0,5,153,334,149,0,0,130,0,0,0,113,265,166,56,100,0,6,2,0,13,17,10,11,1,0,0,0,1,1,2,0,0,0,3,0,4,51,9,8,0,0,0,0,0,243,66,0,0,0,0,0,0,227,44,55,0,0,0,0,0,4,50,48,0,48,58,9,0,0,0,0,0,56,177,40,0,0,11,0,0,7,156,333,105,0,0,173,0,0,0,113,264,162,102,0,0,6,0,0,14,15,8,8,4,0,0,0,1,1,1,0,0,0,1,0,8,43,6,4,0,0,0,0,71,50,24,0,0,0,0,0,35,46,4,104,0,0,0,0,0,4,8,237,1,0,9,1,0,0,0,122,0,4,130,32,0,0,8,211,0,4,201,325,98,11,92,0,0,0,0,118,212,157,52,0,0,0,0,0,10,12,5,0,4,0,0,0,1,1,0,0,0,0,0,0,9,2,4,4,0,0,0,0,68,45,23,0,0,0,0,0,33,40,6,43,0,0,0,0,0,3,7,103,0,0,6,0,0,0,0,178,0,4,85,0,0,0,104,160,0,2,247,277,98,63,158,0,0,0,0,119,152,85,0,0,0,0,0,0,8,10,3,0,4,0,0,0,1,2,0,0,0,0,0,0,9,1,3,4,0,0,0,0,24,39,23,0,0,0,0,0,29,36,9,39,0,0,0,0,0,3,50,59,0,0,2,0,0,0,69,120,0,6,84,0,0,0,197,89,0,2,249,276,144,115,9,0,0,0,0,114,106,23,0,0,0,0,0,0,6,8,2,0,1,0,0,0,1,0,0,0,0,0,0,5,0,0,0,0,0,0,3,5,0,0,0,1,0,0,1,3,0,0,4,0,0,0,0,0,0,5,51,50,1,0,0,0,0,111,81,25,0,120,86,0,14,180,19,7,0,71,250,227,148,10,0,0,2,0,32,10,48,17,0,1,0,0,0,0,2,5,1,0,0,0,1,0,1,0,0,1,0,0,1,5,0,0,0,0,0,0,4,5,0,0,0,1,0,0,2,3,0,0,3,0,0,0,0,0,0,52,46,3,1,0,0,0,0,164,30,21,43,191,89,41,142,66,15,5,0,74,205,123,45,0,0,0,4,1,28,8,42,14,0,1,0,0,0,0,3,3,1,0,0,0,0,0,2,0,0,1,1,0,1,6,0,0,0,0,1,0,4,6,0,0,0,1,1,0,2,4,0,0,3,0,0,0,0,0,1,52,41,3,5,0,0,0,80,86,26,19,88,193,136,108,141,0,11,4,0,75,120,71,39,6,0,0,5,3,24,6,36,11,0,1,0,0,0,0,4,1,1,0,0,0,1,0,0,0,0,0,1,0,1,5,0,0,0,1,1,0,6,6,0,0,0,0,2,0,4,2,0,0,3,0,0,0,0,0,61,47,33,1,139,12,46,170,71,15,18,0,147,154,117,17,0,0,7,0,0,19,38,15,28,5,0,0,6,7,16,2,25,9,0,0,0,0,1,0,0,0,1,0,0,0,0,0,0,0,0,0,0,0,0,0,0,0,1,1,0,0,2,2,0,0,0,0,0,0,3,52,0,0,2,0,0,0,0,151,20,6,29,1,277,180,204,33,0,0,13,0,67,0,17,13,4,0,7,0,0,16,32,13,24,5,0,0,6,8,14,2,23,7,0,0,0,0,0,0,0,0,1,0,0,1,1,0,0,0,0,0,0,0,0,1,0,0,1,1,0,1,4,6,0,0,0,0,0,0,70,53,0,0,0,0,133,188,268,36,18,5,0,0,218,45,12,0,0,0,0,0,0,0,14,12,4,0,0,0,0,13,28,12,22,5,2,0,7,9,12,2,22,6,2,0,0,0,0,0,0,0,1,0,0,0,1,1,0,0,0,0,0,2,1,0,0,1,0,0,286,63,9,6,0,0,0,0,145,0,12,0,0,0,0,0,24,0,2,26,12,0,0,0,24,0,8,0,0,2,0,0,0,0,10,10,3,5,0,0,0,11,22,10,18,1,3,0,52,9,9,0,22,0,4,2,0,0,1,0,1,3,2,0,0.449935227,-0.137974128,-0.062103567,0.663477807,-0.184813219,-0.067996806,1.001230311,-0.264084142,-0.074714715,0.924544721,-0.245492667,-0.051368277,1.098301216,-0.400003784,-0.061772258,1.331450041,-0.60157323,-0.058034497,1.324159282,-0.570944613,-0.060079004,,,,,,,,,,,,,,,,,,,,,,,,,,,,,,,,,,,,,,,,,,,,,,,,,,,,,,,,,,,,,,,,,,,,,,,,,,,,,,,,,,,,,,,,,,,,,,,,,,,,,,,,,,,,,,,,,,,,,,,,,,,,,,,,,,,,,,,,,,,,,,,,,,,,,,,,,,,,,,,,,,,,,,,,,,,,,,,,,,,,,,,,,,,,,,,,,,,,,,,,,,,,,,,,,,,,,,,,,,,,,,,,,,,,,,,,,,,,,,,,,,,
14,0,1,1,1,0,1,0,0,1,1,0,1,0,1,0,0,0,2,0,0,0,1,0,1,0,1,1,0,0,0,0,2,1,0,1,0,0,1,0,1,0,1,0,1,0,1,58,62,0,0,0,0,0,1,209,182,0,2,1,0,0,0,200,92,2,0,2,1,0,2,54,0,1,3,2,2,1,1,0,0,1,1,1,1,0,1,0,0,1,1,0,1,0,1,0,0,0,2,0,0,0,1,0,1,0,1,1,0,0,0,0,2,1,0,1,0,0,1,0,1,0,1,0,1,0,1,58,62,0,0,0,0,0,1,209,182,0,2,1,0,0,0,200,92,2,0,2,1,0,2,54,0,1,3,2,2,1,1,0,0,2,0,0,1,0,0,0,0,2,1,0,0,0,0,0,0,1,2,0,0,0,1,0,0,1,1,1,0,0,0,0,1,0,0,1,0,0,0,0,1,0,0,0,0,0,0,56,62,0,0,0,0,0,0,149,249,0,1,1,0,0,0,201,226,2,0,1,1,0,2,170,44,2,3,2,2,2,2,0,0,3,0,0,0,0,1,0,0,3,1,0,0,0,1,0,0,0,0,2,1,1,0,0,0,1,0,1,1,1,3,0,0,0,0,1,2,0,1,0,1,0,0,0,1,0,1,0,10,0,0,0,0,0,0,0,19,0,0,0,0,0,0,0,211,0,0,0,0,0,2,82,318,1,1,0,0,5,189,361,76,1,0,0,0,0,0,0,0,1,0,0,1,0,0,0,0,0,0,3,2,1,0,0,0,2,0,2,2,3,4,1,0,0,0,3,5,0,1,0,0,0,0,0,2,1,1,0,10,0,0,0,1,0,0,0,17,0,0,0,0,0,0,0,153,0,0,0,0,0,0,78,320,0,0,0,0,6,185,357,131,1,1,1,0,0,0,0,0,1,1,1,0,0,0,0,0,0,1,4,2,0,0,0,0,2,1,3,2,3,5,4,0,0,1,5,5,0,2,0,0,0,1,1,2,1,1,1,10,0,1,1,1,0,1,0,15,0,0,1,0,0,0,0,151,0,0,0,0,0,0,73,320,0,0,0,0,6,138,352,175,2,2,1,1,0,0,0,0,2,2,1,1,1,0,0,0,1,2,5,3,0,0,0,0,3,2,2,4,5,6,4,0,1,1,1,1,3,1,1,0,0,2,0,4,2,0,1,10,0,2,1,3,0,1,0,58,0,1,0,0,0,0,0,150,0,0,0,0,0,0,67,320,0,0,0,0,7,134,345,129,2,2,0,0,0,0,0,0,2,2,1,0,0,0,0,0,1,0,2,0,0,0,0,0,1,0,0,1,1,0,0,0,0,0,2,1,3,1,1,0,0,2,0,1,1,0,1,10,0,2,2,1,0,1,0,59,0,0,0,0,0,0,0,153,0,0,0,0,0,0,64,320,0,0,0,0,5,132,342,126,2,0,0,0,0,0,0,0,2,0,0,0,0,0,0,0,1,0,2,0,0,0,0,0,2,0,0,2,2,1,0,0,0,0,2,2,3,1,1,0,0,0,0,2,2,0,1,10,0,0,0,2,2,1,0,59,1,0,0,0,0,0,0,154,0,0,0,0,0,0,61,320,2,0,0,0,6,130,339,127,3,1,1,0,0,0,0,0,2,1,0,0,0,1,0,0,1,2,3,0,0,0,0,0,3,2,1,3,3,3,0,0,0,1,4,3,4,3,1,0,0,2,1,3,2,1,1,8,0,2,1,3,4,3,0,54,0,0,0,0,0,0,0,152,0,0,1,0,0,0,52,320,1,0,0,0,4,124,330,168,4,1,0,0,0,0,0,0,3,1,0,0,0,1,0,0,0,2,3,1,1,0,0,0,4,2,1,4,4,3,1,0,0,1,4,4,3,3,2,0,0,2,0,3,3,1,2,9,0,2,0,4,5,3,0,48,1,0,0,0,0,0,0,150,0,0,0,0,0,0,48,320,1,0,0,0,3,119,326,169,5,1,0,0,0,1,0,0,4,1,1,0,0,2,0,0,0,0,1,1,1,1,1,1,1,0,1,2,1,2,0,0,0,1,0,1,4,4,2,0,1,2,0,0,3,2,2,7,0,1,0,2,5,4,0,44,0,0,2,0,0,0,0,149,0,0,0,0,0,0,46,319,1,0,1,0,1,76,324,167,0,0,0,0,0,2,0,0,1,0,2,0,0,0,0,0,0,0,2,1,1,1,1,0,1,0,2,1,1,2,0,1,0,0,0,0,0,2,0,1,0,0,0,0,2,2,2,7,0,0,1,1,3,4,0,43,0,0,1,0,0,0,0,151,0,0,0,0,0,0,46,317,0,0,2,0,0,71,236,120,0,0,0,0,0,0,1,0,0,0,0,1,0,0,0,0,0,0,0,0,0,0,1,0,0,0,0,0,0,1,1,2,0,0,0,0,0,0,1,0,0,0,0,0,0,0,0,0,0,0,0,0,0,2,0,89,0,0,0,0,0,0,0,242,0,0,0,0,0,0,43,200,0,0,2,2,1,23,39,3,0.56226369,-0.12681535,-0.056835455,0.793818633,-0.343077635,-0.075568098,,,,,,,,,,,,,,,,,,,,,,,,,,,,,,,,,,,,,,,,,,,,,,,,,,,,,,,,,,,,,,,,,,,,,,,,,,,,,,,,,,,,,,,,,,,,,,,,,,,,,,,,,,,,,,,,,,,,,,,,,,,,,,,,,,,,,,,,,,,,,,,,,,,,,,,,,,,,,,,,,,,,,,,,,,,,,,,,,,,,,,,,,,,,,,,,,,,,,,,,,,,,,,,,,,,,,,,,,,,,,,,,,,,,,,,,,,,,,,,,,,,,,,,,,,,,,,,,,,,,,,,,,,,,,,,,,,,,,,,,,,,,,,,,,,,,,,,,,,,,,,,,,,,,,,,,,,,,,,,,,,,,,,,,,,,,,,,,,,,,,,,,,,,,,,,,,,,,,,,,,,,,,,,,,,,,,,,,,,,,,,,,,,,,,,,,,,,,,,,,,,,,,,,,,,,,,,,,,,,,,,,,,,,,,,,,,,,,,,,,,,,,,,,,,,,,,,,,,,,,,,,,,,,,,,,,,,,,,,,,,,,,,,,,,,,,,,,,,,,,,,,,,,,,,,,,,,,,,,,,,,,,,,,,,,,,,,,,,,,,,,,,,,,,,,,,,,,,,,,,,,,,,,,,,,,,,,,,,,,,,,,,,,,,,,,,,,,,,,,,,,,,,,,,,,,,,,,,,,,,,,,,,,,,,,,,,,,,,,,,,,,,,,,,,,,,,,,,,,,,,,,,,,,,,,,,,,,,,,,,,,,,,,,,,,,,,,,,,,,,,,,,,,,,,,,,,,,,,,,,,,,,,,,,,,,,,,,,,,,,,,,,,,,,,,,,,,,,,,,,,,,,,,,,,,,,,,,,,,,,,,,,,,,,,,,,,,,,,,,,,,,,,,,,,,,,,,,,,,
11,0,0,0,0,0,0,0,0,0,0,1,0,2,1,2,2,1,0,2,0,4,3,1,0,0,1,0,6,235,125,0,0,0,0,4,50,143,2,0,0,0,1,0,0,0,2,0,0,1,1,0,0,0,0,0,1,0,1,0,0,0,0,1,2,1,0,0,0,0,0,2,4,0,1,0,0,0,0,0,1,0,0,0,0,0,0,0,0,0,0,1,0,2,1,2,2,1,0,2,0,4,3,1,0,0,1,0,6,235,125,0,0,0,0,4,50,143,2,0,0,0,1,0,0,0,2,0,0,1,1,0,0,0,0,0,1,0,1,0,0,0,0,1,2,1,0,0,0,0,0,2,4,0,1,0,0,0,0,0,1,0,0,0,0,0,0,0,0,0,0,0,1,2,1,0,0,0,0,0,0,4,48,8,0,0,0,0,4,20,212,184,0,0,0,0,10,218,342,73,0,0,2,3,99,264,66,0,0,1,1,0,1,1,0,1,2,0,0,0,1,1,0,0,3,0,0,0,1,0,0,4,63,0,0,0,0,0,0,4,65,0,0,0,0,0,0,0,0,0,0,0,0,0,0,0,0,0,0,0,0,3,5,7,0,0,0,0,3,16,60,188,0,0,0,0,8,73,296,236,0,0,2,5,96,323,211,0,0,1,1,0,3,52,2,0,2,0,0,1,1,1,0,0,4,0,0,0,1,0,0,4,63,0,0,1,0,0,0,3,62,0,1,1,1,0,0,0,0,0,1,0,0,0,0,0,0,0,1,0,0,3,3,5,0,0,1,0,2,12,16,183,44,0,0,0,6,7,171,337,45,0,0,5,34,260,294,38,0,0,1,0,48,116,49,0,0,0,1,2,2,1,0,1,4,0,1,1,2,0,0,5,61,0,0,2,0,0,0,4,60,1,1,0,1,0,0,0,0,1,0,0,1,0,0,0,0,0,1,0,1,3,1,4,0,0,1,0,0,9,13,80,47,0,0,0,4,0,57,384,102,0,0,4,29,161,356,180,0,0,1,0,51,214,113,0,0,0,1,2,5,2,0,1,5,1,1,1,3,0,0,5,58,1,0,2,1,0,0,3,56,0,0,1,2,0,0,0,0,0,0,1,1,0,0,0,0,0,1,0,2,1,0,2,0,0,1,1,1,5,8,23,41,0,0,1,4,0,0,133,304,0,0,0,17,0,121,323,182,0,0,0,3,216,323,142,0,1,1,1,9,78,48,0,2,2,1,1,4,0,0,0,7,1,0,0,1,0,0,0,4,0,0,1,3,0,0,0,0,0,0,1,2,0,0,0,0,0,1,0,3,1,0,0,0,0,0,0,1,4,6,19,37,0,0,1,4,0,0,25,301,0,0,0,13,0,29,265,338,0,0,0,1,63,319,287,0,0,1,0,12,120,133,0,0,2,1,1,5,2,0,0,5,0,0,0,2,0,0,0,0,0,0,2,3,0,0,0,0,0,0,2,2,0,0,0,0,0,0,1,1,0,0,0,0,0,0,1,1,4,4,17,31,0,0,2,3,4,0,21,142,0,0,0,11,0,0,114,341,0,0,0,0,0,131,348,215,0,0,0,10,118,215,113,0,0,0,2,5,43,0,0,1,0,0,1,2,1,0,0,0,1,0,0,3,0,0,0,0,1,0,2,1,0,0,0,0,1,0,1,0,0,0,0,0,1,0,1,2,2,2,12,22,2,1,0,3,2,0,14,25,0,0,0,7,0,0,26,162,1,0,0,0,0,28,176,414,0,0,0,6,0,52,328,362,1,0,2,6,39,53,91,0,0,0,0,3,3,3,0,0,0,0,0,0,2,1,1,0,0,0,1,0,1,1,0,0,0,0,0,0,1,0,0,0,0,0,1,0,1,1,10,18,2,2,0,0,1,0,12,21,0,1,0,0,0,0,22,22,1,0,0,0,0,24,18,283,0,1,0,0,1,12,82,453,0,0,0,0,35,7,88,106,0,1,0,1,4,4,0,0,0.455917317,-0.110177828,-0.074530322,0.468102783,-0.132830507,-0.071978694,,,,,,,,,,,,,,,,,,,,,,,,,,,,,,,,,,,,,,,,,,,,,,,,,,,,,,,,,,,,,,,,,,,,,,,,,,,,,,,,,,,,,,,,,,,,,,,,,,,,,,,,,,,,,,,,,,,,,,,,,,,,,,,,,,,,,,,,,,,,,,,,,,,,,,,,,,,,,,,,,,,,,,,,,,,,,,,,,,,,,,,,,,,,,,,,,,,,,,,,,,,,,,,,,,,,,,,,,,,,,,,,,,,,,,,,,,,,,,,,,,,,,,,,,,,,,,,,,,,,,,,,,,,,,,,,,,,,,,,,,,,,,,,,,,,,,,,,,,,,,,,,,,,,,,,,,,,,,,,,,,,,,,,,,,,,,,,,,,,,,,,,,,,,,,,,,,,,,,,,,,,,,,,,,,,,,,,,,,,,,,,,,,,,,,,,,,,,,,,,,,,,,,,,,,,,,,,,,,,,,,,,,,,,,,,,,,,,,,,,,,,,,,,,,,,,,,,,,,,,,,,,,,,,,,,,,,,,,,,,,,,,,,,,,,,,,,,,,,,,,,,,,,,,,,,,,,,,,,,,,,,,,,,,,,,,,,,,,,,,,,,,,,,,,,,,,,,,,,,,,,,,,,,,,,,,,,,,,,,,,,,,,,,,,,,,,,,,,,,,,,,,,,,,,,,,,,,,,,,,,,,,,,,,,,,,,,,,,,,,,,,,,,,,,,,,,,,,,,,,,,,,,,,,,,,,,,,,,,,,,,,,,,,,,,,,,,,,,,,,,,,,,,,,,,,,,,,,,,,,,,,,,,,,,,,,,,,,,,,,,,,,,,,,,,,,,,,,,,,,,,,,,,,,,,,,,,,,,,,,,,,,,,,,,,,,,,,,,,,,,,,,,,,,,,,,,,,,,,,,,,,,,,,,,,,,,,,,,,,,,,,,,,,,,,,,,,,,,,,,,,,,,,,,,,,,,,,,,,,,,,,,,,,,,,,,,,,,,,,,,,,,,,,,,,,,,,,,,,,,,,,,,,,,,,,,,,,,,,,,,,,,,,,,,,,,,,,,,,,,,,,,,,,,,,,,,,,,,,,,,,,,,,,,,,,,,,,,,,,,,,,,,,,,,,,,,,,,,,,,,,,,,,,,,,,,,,,,,,,,,,,,,,,,,,,,,,,,,,
16,0,0,0,0,0,2,0,0,0,0,2,0,2,3,2,0,0,0,0,0,1,2,0,0,1,1,0,0,0,0,0,16,4,1,0,2,3,0,0,48,0,3,0,0,0,0,0,0,3,4,0,4,0,4,4,3,0,8,2,1,4,14,10,0,8,0,3,4,14,13,60,5,4,2,2,3,7,55,108,61,0,0,1,1,0,2,0,0,0,0,3,0,3,3,2,0,0,0,1,0,2,2,0,0,2,1,0,0,0,0,0,63,1,1,1,2,2,0,0,54,1,4,0,0,0,0,0,2,2,5,0,5,0,5,5,4,0,9,3,2,6,18,11,0,8,0,3,5,15,58,59,6,6,1,2,3,8,97,170,68,1,1,0,1,1,0,0,1,0,1,2,1,2,0,1,1,0,1,2,1,3,2,1,1,2,0,2,0,1,0,0,112,0,1,1,0,0,0,0,216,1,1,0,0,1,0,0,76,0,2,0,2,1,5,6,5,0,2,2,2,8,20,12,1,0,0,0,2,19,61,58,5,3,0,0,0,10,140,260,70,1,0,0,0,1,1,0,0,0,1,3,0,3,1,0,1,0,2,3,0,4,3,1,2,0,0,2,0,1,0,1,154,0,0,1,0,0,0,0,364,1,0,0,0,0,0,0,240,0,3,0,3,2,6,8,10,0,3,3,3,13,25,12,1,0,0,0,3,63,108,52,1,4,0,0,1,18,193,308,66,2,0,1,1,2,1,0,0,1,1,4,1,4,2,0,1,0,1,4,1,5,4,2,1,1,1,2,1,3,0,5,150,0,0,1,0,0,0,1,430,1,1,0,0,0,0,0,282,0,4,0,4,3,7,10,13,1,4,4,4,17,26,12,3,0,0,0,4,66,109,48,1,5,0,0,1,23,245,311,62,2,0,2,0,2,0,1,0,1,1,4,0,4,1,1,0,0,0,4,0,5,4,3,0,0,0,2,0,3,0,75,86,0,0,1,0,0,0,120,428,0,0,1,0,0,0,3,280,0,3,0,4,3,7,12,16,1,4,5,6,20,26,11,3,0,0,0,6,106,109,44,0,5,0,0,0,71,288,310,12,1,1,0,1,0,1,0,1,1,1,0,1,0,0,0,0,1,1,1,0,6,5,4,1,0,2,0,1,0,0,124,39,1,0,0,0,0,0,338,216,1,1,0,1,0,1,116,159,0,2,0,6,3,5,17,57,3,3,3,12,26,24,8,9,3,0,3,13,105,112,39,1,2,2,0,2,74,333,309,113,0,0,1,0,1,0,1,0,0,0,1,0,1,0,1,0,0,1,1,0,7,4,5,0,0,3,1,2,1,3,125,34,0,0,0,0,0,0,380,83,1,0,1,0,0,0,113,109,0,2,0,5,3,3,20,56,3,3,4,13,29,22,8,10,3,0,6,15,107,114,39,1,2,2,1,1,123,385,312,179,0,0,0,0,0,0,0,0,0,0,0,0,0,0,0,0,0,1,0,0,7,5,4,1,0,4,0,4,1,7,77,30,1,0,2,0,0,44,100,43,0,1,0,1,0,0,56,52,0,3,0,6,1,3,23,55,3,4,4,16,29,21,9,10,2,0,6,18,151,118,40,1,0,2,0,1,123,384,352,240,1,0,1,0,0,0,0,0,0,1,0,0,0,0,1,0,0,0,1,0,8,4,4,0,1,2,1,5,2,10,30,25,0,0,2,0,0,38,51,42,0,0,1,0,1,0,3,1,1,1,0,6,0,3,24,1,0,2,9,21,29,17,12,7,0,0,7,77,261,177,87,143,0,0,0,1,169,228,149,1,1,0,0,0,0,0,0,0,1,1,0,0,0,0,0,0,0,0,2,1,0,0,0,0,0,1,2,6,2,9,22,18,0,0,0,0,0,30,43,41,0,0,0,1,0,0,2,98,0,0,0,0,0,0,64,260,0,0,76,185,100,105,200,32,0,0,7,159,218,118,1,0,0,0,0,3,24,18,8,0,1,0,0,0,0,0,0,0,2,0,0,0,0,0,0,0,1,0,1,0,0,0,0,0,1,0,1,6,2,9,16,14,0,0,0,0,0,25,39,35,0,0,0,0,0,169,14,12,0,135,158,140,176,91,0,9,0,42,168,121,26,0,0,0,0,0,8,35,3,6,0,0,0,0,0,1,19,14,4,0,1,0,0,0,0,0,0,0,2,0,0,0,0,0,0,0,2,0,1,0,0,0,1,0,2,0,0,6,4,8,16,13,1,0,0,0,101,24,37,33,2,93,82,131,237,0,12,11,54,261,212,92,0,0,0,8,0,40,11,0,24,0,1,0,0,0,8,32,4,5,1,0,1,0,0,1,18,14,5,0,0,0,0,0,0,1,1,0,0,0,0,0,0,0,0,0,1,0,0,1,0,0,0,0,0,0,0,74,5,6,14,11,0,52,172,216,9,19,33,29,278,272,113,0,0,0,8,8,4,8,12,0,0,13,0,7,0,34,9,0,23,34,3,13,0,0,9,29,50,7,3,0,1,0,0,2,19,18,5,0,0,0,0,1,0,1,0,1,0,0,0,1,0,0,0,0,42,223,12,3,0,0,0,0,350,71,0,0,0,0,10,8,36,26,0,3,0,13,0,24,1,0,0,1,0,0,5,5,2,5,9,0,3,13,1,7,0,28,14,54,27,32,7,13,0,1,52,32,54,45,8,0,2,0,43,50,60,62,8,0,0,0,0,0,0,1,0,0,2,1,0,0,0,0,0,0,36,0,10,1,0,0,0,0,0,0,0,0,0,1,8,0,30,22,0,2,0,11,0,0,0,1,1,0,0,0,3,0,3,7,7,0,2,14,3,0,42,28,17,50,27,28,7,0,42,60,53,32,51,1,10,7,46,58,44,47,57,57,7,0,0.550118499,-0.146492736,-0.05784892,0.963789584,-0.308854152,-0.071737663,1.176931383,-0.418676411,-0.06962509,1.384390413,-0.638370796,-0.049326226,1.348011331,-0.657768287,-0.06912755,1.347741933,-0.658656996,-0.06912755,,,,,,,,,,,,,,,,,,,,,,,,,,,,,,,,,,,,,,,,,,,,,,,,,,,,,,,,,,,,,,,,,,,,,,,,,,,,,,,,,,,,,,,,,,,,,,,,,,,,,,,,,,,,,,,,,,,,,,,,,,,,,,,,,,,,,,,,,,,,,,,,,,,,,,,,,,,,,,,,,,,,,,,,,,,,,,,,,,,,,,,,,,,,,,,,,,,,,,,,,,,,,,,,,,,,,,,,,,,,,,,,,,,,,,,,,,,,,,,,,,,,,,,,,,,,,,,,,,,,,,,,,,,,,,,,,,,,,,,,,,,,,,,,,,,,,,,,,,,,,,,,,,,,,,,,,,,,,,,,,,,,,,,,,,,,,,,,,,,,,,,,,,,,,,,,,,,,,,,,,,,,,,,,,,,,,,,,,,,,,,,,,,,,,,,,,,,,,,,,,,,,,,,,,,,,,,,,,,,,,,,,,,,,,,,,,,,,,,,,,,,,,,,,,,,,,,,,,,,,,,,,,,,,,,,,,,,,,,,,,,,,,,,,,,,,,,,,,,,,,,,,,,,,,,,,,,,,,,,,,,,,,,,,,,,,,,,,,,,,,,,,,,,,,,,,,,,,,,,,,,,,,,,,,,,,,,,,,,,,,,,,,,,,,,,,,,,,,,,,,,,,,,,,,,,,,,,,,,,,,,,,,,,,,,,,,,,,,,,,,,,,,,
11,0,0,0,0,0,1,0,0,0,1,0,0,1,1,1,0,0,2,0,1,0,0,1,0,0,1,0,0,0,1,0,0,0,1,1,3,0,2,3,3,0,0,0,0,1,0,0,215,0,1,0,0,0,1,70,251,0,2,0,0,0,1,6,4,0,1,0,0,0,0,1,0,0,2,0,1,0,0,0,0,0,0,0,0,0,1,0,0,0,1,0,0,1,1,1,0,0,2,0,1,0,0,1,0,0,1,0,0,0,1,0,0,0,1,1,3,0,2,3,3,0,0,0,0,1,0,0,215,0,1,0,0,0,1,70,251,0,2,0,0,0,1,6,4,0,1,0,0,0,0,1,0,0,2,0,1,0,0,0,0,1,1,1,0,0,1,0,0,1,0,0,0,0,0,0,0,0,1,1,0,0,0,0,0,1,1,0,0,0,2,1,0,1,1,2,3,0,1,4,5,0,0,1,0,0,0,0,208,0,0,0,0,0,0,71,303,0,3,1,0,0,4,50,46,1,0,1,0,1,1,5,0,1,3,1,0,0,1,1,0,1,0,0,1,0,1,0,0,1,0,0,1,0,1,0,0,0,0,0,0,0,1,0,0,1,0,0,1,0,2,1,0,1,0,0,1,0,1,5,5,0,0,1,0,0,0,0,201,0,0,0,0,0,0,72,305,0,3,0,1,0,5,51,48,1,0,1,1,0,1,8,0,1,2,1,0,0,2,1,0,2,1,1,1,0,1,1,0,1,0,0,1,0,1,0,0,0,1,1,0,0,1,1,0,1,1,0,1,0,3,2,0,2,0,1,1,0,1,5,5,0,0,2,0,0,0,0,196,0,0,0,0,0,0,71,307,2,4,0,1,0,6,52,49,1,0,2,1,0,2,10,0,2,0,1,0,0,2,0,0,3,0,1,1,0,0,0,0,2,0,1,1,0,1,0,0,0,1,1,0,0,1,0,0,0,1,1,1,0,2,0,0,3,0,0,1,0,2,5,5,0,0,3,0,0,0,0,145,0,0,0,0,0,0,66,308,0,1,0,1,0,7,53,51,0,0,2,1,0,1,13,0,3,0,1,0,0,1,1,0,1,0,0,0,0,0,0,0,1,0,0,0,0,0,0,0,0,2,1,0,1,1,1,0,0,2,1,1,1,1,1,0,3,0,0,0,1,3,4,5,0,0,3,0,0,0,0,142,1,0,0,0,0,0,62,308,0,1,0,1,1,7,56,108,1,0,2,0,1,2,16,0,3,0,1,0,1,2,1,0,2,0,0,0,0,0,0,0,1,0,0,0,0,0,0,0,2,0,0,0,1,0,0,0,1,0,0,0,1,0,1,0,2,0,0,0,1,2,3,4,0,0,0,0,0,0,0,88,0,0,0,0,0,0,19,266,0,0,0,0,1,5,57,182,1,0,0,0,1,2,58,0,4,0,0,0,1,2,1,0,2,0,0,0,0,0,0,0,1,0,0,0,0,1,0,0,1,0,0,0,0,1,0,0,1,0,0,0,1,0,1,0,0,0,0,0,0,3,2,2,0,0,0,0,0,0,0,25,0,0,0,0,0,0,18,221,0,0,0,0,0,3,58,264,1,0,0,0,1,3,59,44,0,0,0,0,1,2,1,0,2,0,0,0,1,0,0,1,1,0,1,0,0,0,0,0,0,0,0,0,1,0,0,0,1,0,0,1,1,0,0,0,0,0,0,0,0,2,1,1,0,0,0,0,1,0,0,17,0,0,0,0,1,0,16,89,0,0,0,0,0,0,9,321,0,0,0,0,2,4,60,161,0,0,0,1,3,3,1,0,0,1,1,1,0,0,1,0,0,0,1,0,0,0,0,0,0,0,1,0,0,0,0,0,1,1,0,2,0,1,0,0,0,1,0,0,0,1,0,0,0,1,0,0,1,0,0,14,0,1,0,0,1,0,18,43,0,0,0,0,0,1,10,210,0,0,0,0,2,5,63,273,0,0,0,2,2,4,2,0,0.590577166,-0.152527567,-0.059215496,0.588052129,-0.150415686,-0.071522851,0.57530672,-0.150757631,-0.069158037,,,,,,,,,,,,,,,,,,,,,,,,,,,,,,,,,,,,,,,,,,,,,,,,,,,,,,,,,,,,,,,,,,,,,,,,,,,,,,,,,,,,,,,,,,,,,,,,,,,,,,,,,,,,,,,,,,,,,,,,,,,,,,,,,,,,,,,,,,,,,,,,,,,,,,,,,,,,,,,,,,,,,,,,,,,,,,,,,,,,,,,,,,,,,,,,,,,,,,,,,,,,,,,,,,,,,,,,,,,,,,,,,,,,,,,,,,,,,,,,,,,,,,,,,,,,,,,,,,,,,,,,,,,,,,,,,,,,,,,,,,,,,,,,,,,,,,,,,,,,,,,,,,,,,,,,,,,,,,,,,,,,,,,,,,,,,,,,,,,,,,,,,,,,,,,,,,,,,,,,,,,,,,,,,,,,,,,,,,,,,,,,,,,,,,,,,,,,,,,,,,,,,,,,,,,,,,,,,,,,,,,,,,,,,,,,,,,,,,,,,,,,,,,,,,,,,,,,,,,,,,,,,,,,,,,,,,,,,,,,,,,,,,,,,,,,,,,,,,,,,,,,,,,,,,,,,,,,,,,,,,,,,,,,,,,,,,,,,,,,,,,,,,,,,,,,,,,,,,,,,,,,,,,,,,,,,,,,,,,,,,,,,,,,,,,,,,,,,,,,,,,,,,,,,,,,,,,,,,,,,,,,,,,,,,,,,,,,,,,,,,,,,,,,,,,,,,,,,,,,,,,,,,,,,,,,,,,,,,,,,,,,,,,,,,,,,,,,,,,,,,,,,,,,,,,,,,,,,,,,,,,,,,,,,,,,,,,,,,,,,,,,,,,,,,,,,,,,,,,,,,,,,,,,,,,,,,,,,,,,,,,,,,,,,,,,,,,,,,,,,,,,,,,,,,,,,,,,,,,,,,,,,,,,,,,,,,,,,,,,,,,,,,,,,,,,,,,,,,,,,,,,,,,,,,,,,,,,,,,,,,,,,,,,,,,,,,,,,,,,,,,,,,,,,,,,,,,,,,,,,,,,,,,,,,,,,,,,,,,,,,,,,,,,,,,,,,,,,,,,,,,,,,,,,,,,,,,,,,,,,,,,,,,,,,,,,,,,,,,,,,,,,,,,,,,,,,,,,,,,,,,,,,,,,,,,,,,,,,,,,,,,,,,,,,,,,,,
10,1,0,0,2,0,0,0,0,0,0,0,0,0,1,0,1,0,1,1,94,95,0,0,1,1,1,0,271,150,3,0,0,1,0,48,82,1,0,0,0,1,1,0,0,1,1,0,0,1,1,2,1,0,0,1,3,0,1,1,0,1,2,2,3,1,0,0,0,0,0,4,47,1,1,2,0,0,2,2,3,1,0,0,0,0,0,0,1,0,0,0,0,3,3,2,1,0,2,0,39,106,82,2,0,0,1,0,98,323,193,0,0,1,0,44,246,291,0,0,1,0,3,4,44,1,0,1,0,2,0,0,1,0,0,3,1,0,0,1,0,1,2,6,2,0,0,0,0,0,1,11,1,1,0,2,0,0,2,8,1,1,0,0,0,0,0,0,0,0,0,0,0,3,4,1,1,0,2,0,35,63,82,4,0,0,0,0,23,209,306,0,0,1,0,40,182,336,55,0,0,0,1,8,104,92,0,0,0,3,0,1,1,0,0,3,1,0,0,2,0,0,2,6,4,1,0,0,0,0,1,13,1,2,0,2,0,0,2,10,0,0,0,1,1,0,0,0,0,0,0,1,0,1,3,1,1,0,0,0,27,10,35,10,0,0,0,0,15,14,248,173,0,0,0,30,20,190,314,85,0,0,0,10,104,285,102,0,0,0,0,0,4,1,0,3,1,1,0,2,1,0,0,4,7,2,0,2,0,0,0,6,1,1,0,0,0,0,0,6,0,0,1,2,1,0,0,0,0,0,1,0,0,0,1,0,1,0,1,1,23,9,29,10,0,0,0,0,13,9,133,215,0,0,0,26,16,68,314,226,0,0,0,8,33,286,275,0,0,0,3,0,7,86,2,2,1,0,1,3,2,0,0,2,6,3,1,3,1,0,0,4,1,1,0,1,0,0,0,5,0,0,1,2,1,0,0,0,0,0,1,0,1,0,0,0,1,0,0,1,19,9,24,10,0,0,1,0,11,5,59,214,54,0,0,22,13,16,210,318,71,0,0,6,27,170,322,118,0,0,2,0,8,137,107,0,0,0,1,3,4,0,0,1,6,3,0,3,2,0,0,2,0,0,0,1,1,0,0,3,0,0,1,0,1,0,0,0,0,0,0,0,1,0,0,0,0,0,0,0,15,6,15,6,0,0,1,0,8,2,0,24,152,0,0,0,9,8,6,243,356,0,0,0,18,10,237,310,98,0,1,0,7,76,242,77,0,0,1,0,5,5,52,0,0,0,0,0,2,5,0,0,0,0,0,0,2,1,0,0,0,0,1,0,1,0,0,0,0,0,0,0,1,0,0,0,0,0,0,0,13,5,14,5,1,0,0,0,6,2,0,20,150,0,0,0,7,5,0,121,356,0,0,0,13,8,69,310,227,0,0,0,6,16,135,227,0,0,1,0,5,6,51,2,0,0,0,0,2,5,0,0,0,0,0,0,2,1,0,0,0,1,0,0,1,0,0,0,0,1,0,0,1,0,0,0,0,1,0,0,11,4,12,3,0,0,0,0,4,3,0,15,64,0,0,0,6,3,0,59,352,0,0,0,9,6,19,269,275,0,0,0,4,14,62,229,77,0,1,0,3,8,48,4,0,0,0,0,2,6,0,0,0,1,0,0,2,2,0,0,0,0,1,0,0,0,1,0,0,1,1,0,0,0,2,1,0,2,1,0,7,3,10,1,0,0,0,0,4,1,0,11,6,0,2,0,4,2,1,7,58,0,2,0,5,1,13,36,153,0,0,0,1,9,15,66,201,0,2,0,1,5,1,43,48,1,1,0,0,5,1,0,0,0,1,0,3,3,1,0,0,0.468297118,-0.087283238,-0.082166207,0.494679114,-0.107417331,-0.059444665,0.552623297,-0.107759562,-0.066467174,,,,,,,,,,,,,,,,,,,,,,,,,,,,,,,,,,,,,,,,,,,,,,,,,,,,,,,,,,,,,,,,,,,,,,,,,,,,,,,,,,,,,,,,,,,,,,,,,,,,,,,,,,,,,,,,,,,,,,,,,,,,,,,,,,,,,,,,,,,,,,,,,,,,,,,,,,,,,,,,,,,,,,,,,,,,,,,,,,,,,,,,,,,,,,,,,,,,,,,,,,,,,,,,,,,,,,,,,,,,,,,,,,,,,,,,,,,,,,,,,,,,,,,,,,,,,,,,,,,,,,,,,,,,,,,,,,,,,,,,,,,,,,,,,,,,,,,,,,,,,,,,,,,,,,,,,,,,,,,,,,,,,,,,,,,,,,,,,,,,,,,,,,,,,,,,,,,,,,,,,,,,,,,,,,,,,,,,,,,,,,,,,,,,,,,,,,,,,,,,,,,,,,,,,,,,,,,,,,,,,,,,,,,,,,,,,,,,,,,,,,,,,,,,,,,,,,,,,,,,,,,,,,,,,,,,,,,,,,,,,,,,,,,,,,,,,,,,,,,,,,,,,,,,,,,,,,,,,,,,,,,,,,,,,,,,,,,,,,,,,,,,,,,,,,,,,,,,,,,,,,,,,,,,,,,,,,,,,,,,,,,,,,,,,,,,,,,,,,,,,,,,,,,,,,,,,,,,,,,,,,,,,,,,,,,,,,,,,,,,,,,,,,,,,,,,,,,,,,,,,,,,,,,,,,,,,,,,,,,,,,,,,,,,,,,,,,,,,,,,,,,,,,,,,,,,,,,,,,,,,,,,,,,,,,,,,,,,,,,,,,,,,,,,,,,,,,,,,,,,,,,,,,,,,,,,,,,,,,,,,,,,,,,,,,,,,,,,,,,,,,,,,,,,,,,,,,,,,,,,,,,,,,,,,,,,,,,,,,,,,,,,,,,,,,,,,,,,,,,,,,,,,,,,,,,,,,,,,,,,,,,,,,,,,,,,,,,,,,,,,,,,,,,,,,,,,,,,,,,,,,,,,,,,,,,,,,,,,,,,,,,,,,,,,,,,,,,,,,,,,,,,,,,,,,,,,,,,,,,,,,,,,,,,,,,,,,,,,,,,,,,,,,,,,,,,,,,,,,,,,,,,,,,,,,,,,,,,,,,,,,,,,,,,,,,,,,,,,,,,,,,,,,,,,,,,,,,,,,,,,,,,,,,,,,,,,,,,,,,,,,,,,,,,,,,,,,,,,,,,,,,,,,,,,,,,,,,
11,1,1,0,1,0,0,1,0,0,1,0,0,1,2,1,3,1,0,2,3,2,0,1,0,0,1,50,244,4,1,0,0,1,4,315,256,2,0,0,2,1,74,192,0,0,1,0,0,1,1,0,0,0,0,1,1,0,1,0,0,1,2,0,2,1,0,0,0,1,1,2,2,1,0,0,0,2,2,2,1,1,1,0,0,1,1,0,0,0,2,0,0,2,3,0,0,1,0,2,4,5,1,0,0,0,2,0,181,95,2,0,0,0,2,146,342,101,0,0,0,1,73,289,112,0,0,0,0,1,3,1,0,0,1,0,1,0,2,0,0,1,3,0,1,1,0,0,0,1,2,2,2,0,1,0,0,3,4,0,1,1,0,0,0,0,0,0,0,0,0,0,0,1,2,0,0,0,0,2,1,5,1,1,0,1,1,0,34,174,53,0,0,0,0,6,160,345,56,0,0,0,24,245,291,69,0,0,0,2,5,69,2,0,0,1,1,0,2,0,0,1,3,1,1,2,0,0,0,0,2,5,4,1,1,0,0,1,4,2,3,1,0,0,0,0,1,0,0,1,0,0,0,0,0,0,0,0,1,2,0,2,4,1,0,2,1,0,22,7,136,51,0,0,0,0,0,196,310,47,0,0,18,105,287,268,36,0,0,2,9,73,130,0,0,0,1,1,5,4,0,0,4,4,5,3,1,0,0,0,1,11,50,2,1,0,0,0,5,7,48,1,0,0,0,0,0,0,0,1,0,0,0,0,0,0,0,0,0,0,0,2,2,2,0,1,1,0,19,4,87,97,0,0,0,0,0,71,312,167,0,0,16,50,147,322,199,0,0,0,9,75,190,70,0,0,1,1,5,6,0,0,2,4,6,1,1,0,0,0,0,14,48,0,0,0,0,0,3,8,46,1,1,1,1,0,0,0,0,1,0,1,0,0,0,1,0,0,1,1,0,2,1,2,0,1,2,0,16,2,24,30,0,0,0,0,0,0,146,250,0,0,14,0,2,208,328,77,0,0,9,77,257,223,0,0,0,1,6,8,3,0,1,3,5,2,2,0,0,0,0,12,46,0,1,0,0,0,2,6,42,1,0,0,1,0,0,0,0,1,0,1,0,0,0,0,0,0,0,0,0,2,0,2,0,0,1,0,14,2,20,26,0,0,0,0,0,0,22,190,135,0,0,0,0,0,227,344,49,0,0,29,200,289,224,0,0,1,1,9,77,93,1,0,4,2,1,0,0,0,0,10,42,0,1,1,2,0,0,0,0,1,0,0,0,0,0,0,0,1,0,1,1,0,0,0,0,0,0,2,0,1,0,0,0,0,1,0,10,2,16,17,0,0,0,1,0,0,15,23,22,0,0,0,0,0,0,15,234,0,0,20,9,0,66,335,327,0,0,8,82,301,294,166,0,3,1,3,0,57,1,6,0,1,1,3,2,1,0,0,0,2,0,0,0,0,0,0,0,2,0,1,0,0,0,0,0,2,0,2,1,1,0,0,0,1,1,0,9,2,14,15,0,3,0,0,0,0,13,19,19,0,0,0,0,0,0,12,16,0,0,16,6,0,0,104,374,0,0,6,14,137,218,336,216,1,0,3,2,115,166,86,0,2,1,3,3,1,0,0,0,2,1,0,1,0,0,0,0,0,0,1,1,0,0,0,0,1,0,2,1,0,0,0,0,1,1,1,8,2,13,13,0,3,0,0,1,0,11,17,17,0,0,0,0,0,0,10,14,0,0,0,6,1,0,20,61,0,0,0,12,41,53,160,382,0,0,1,3,58,245,326,210,1,1,2,5,4,2,0,0,2,0,1,0,0,0,0,0,0,0,2,0,0,0,0,0,0,0,3,0,1,0,1,0,2,0,2,0,0,0,0,1,4,0,1,0,0,9,16,18,1,0,1,0,0,0,8,12,1,0,0,6,1,0,18,12,0,0,0,10,37,48,19,9,0,0,1,1,5,15,138,235,2,0,3,5,5,5,75,151,0.528702374,-0.137126249,-0.067725872,0.324306354,-0.138667593,-0.063721959,,,,,,,,,,,,,,,,,,,,,,,,,,,,,,,,,,,,,,,,,,,,,,,,,,,,,,,,,,,,,,,,,,,,,,,,,,,,,,,,,,,,,,,,,,,,,,,,,,,,,,,,,,,,,,,,,,,,,,,,,,,,,,,,,,,,,,,,,,,,,,,,,,,,,,,,,,,,,,,,,,,,,,,,,,,,,,,,,,,,,,,,,,,,,,,,,,,,,,,,,,,,,,,,,,,,,,,,,,,,,,,,,,,,,,,,,,,,,,,,,,,,,,,,,,,,,,,,,,,,,,,,,,,,,,,,,,,,,,,,,,,,,,,,,,,,,,,,,,,,,,,,,,,,,,,,,,,,,,,,,,,,,,,,,,,,,,,,,,,,,,,,,,,,,,,,,,,,,,,,,,,,,,,,,,,,,,,,,,,,,,,,,,,,,,,,,,,,,,,,,,,,,,,,,,,,,,,,,,,,,,,,,,,,,,,,,,,,,,,,,,,,,,,,,,,,,,,,,,,,,,,,,,,,,,,,,,,,,,,,,,,,,,,,,,,,,,,,,,,,,,,,,,,,,,,,,,,,,,,,,,,,,,,,,,,,,,,,,,,,,,,,,,,,,,,,,,,,,,,,,,,,,,,,,,,,,,,,,,,,,,,,,,,,,,,,,,,,,,,,,,,,,,,,,,,,,,,,,,,,,,,,,,,,,,,,,,,,,,,,,,,,,,,,,,,,,,,,,,,,,,,,,,,,,,,,,,,,,,,,,,,,,,,,,,,,,,,,,,,,,,,,,,,,,,,,,,,,,,,,,,,,,,,,,,,,,,,,,,,,,,,,,,,,,,,,,,,,,,,,,,,,,,,,,,,,,,,,,,,,,,,,,,,,,,,,,,,,,,,,,,,,,,,,,,,,,,,,,,,,,,,,,,,,,,,,,,,,,,,,,,,,,,,,,,,,,,,,,,,,,,,,,,,,,,,,,,,,,,,,,,,,,,,,,,,,,,,,,,,,,,,,,,,,,,,,,,,,,,,,,,,,,,,,,,,,,,,,,,,,,,,,,,,,,,,,,,,,,,,,,,,,,,,,,,,,,,,,,,,,,,,,,,,,,,,,,,,,,,,,,,,,,,,,,,,,,,,,,,,,,,,,,,,,,,,,,,,,,,,,,,,,,,,,,,,,,,,,,,
14,1,0,0,0,1,1,4,225,0,0,1,0,1,1,1,141,0,2,3,1,1,1,0,5,1,43,2,3,1,1,0,0,66,47,51,10,3,43,63,3,117,77,51,1,3,58,280,0,143,78,2,4,3,5,66,0,66,53,4,3,2,5,0,2,12,0,1,1,4,1,4,53,1,1,1,0,1,2,2,252,0,0,0,0,0,0,10,171,0,0,1,0,0,0,0,86,0,7,4,0,0,0,0,5,6,45,3,9,1,0,1,0,69,52,50,12,7,44,128,3,175,132,57,10,6,56,321,0,190,85,7,4,4,6,57,0,71,55,9,4,3,5,1,6,57,0,2,1,4,0,50,147,1,1,0,0,0,2,99,408,1,0,0,1,0,0,9,54,0,0,0,1,0,0,1,37,0,2,2,1,0,0,0,1,7,40,0,12,1,1,2,0,19,48,43,13,12,49,72,2,45,40,51,13,7,99,133,0,62,32,7,3,4,7,51,0,66,50,10,6,4,5,6,48,4,0,3,3,5,1,103,149,1,1,0,1,0,5,217,309,1,0,0,0,0,0,5,9,0,1,1,0,2,0,1,28,0,1,4,0,0,0,0,0,6,31,0,1,1,2,1,0,17,2,34,0,13,0,22,0,32,30,1,0,6,31,0,0,14,26,2,0,1,5,39,0,7,40,7,0,5,7,12,40,8,0,5,2,7,3,96,28,3,1,2,1,1,55,135,26,0,0,1,0,0,0,0,0,0,0,0,0,2,0,1,0,0,0,1,0,1,1,1,0,0,0,0,1,1,3,1,0,0,0,0,0,12,1,18,0,0,0,0,0,4,27,0,0,0,0,0,0,1,6,35,1,0,0,0,0,6,10,15,37,2,0,2,3,8,7,94,27,2,0,2,2,3,58,131,25,0,0,1,1,0,0,0,0,0,0,0,1,1,0,2,0,0,0,1,1,0,0,1,1,0,0,0,1,0,3,1,0,0,0,0,1,10,0,15,1,0,0,0,0,2,23,1,0,0,0,0,0,0,6,31,2,0,0,0,1,6,12,18,35,3,0,2,4,9,52,92,27,2,0,2,3,4,61,132,24,0,1,3,1,1,0,0,0,0,0,2,0,3,2,3,0,0,0,3,1,1,0,0,0,0,0,2,1,0,2,0,1,0,0,0,0,0,0,0,1,0,0,1,0,0,0,0,1,0,0,0,2,1,8,27,4,0,0,0,1,10,59,22,29,3,0,1,2,15,98,87,24,3,0,3,0,8,161,346,24,0,1,3,2,0,0,0,0,0,0,2,1,2,2,4,0,0,0,3,2,0,0,1,1,0,0,2,1,0,2,1,1,0,0,0,0,0,0,0,2,0,0,0,0,0,0,1,1,0,0,0,3,1,8,26,5,0,0,0,2,12,58,23,27,3,0,2,3,16,160,88,23,3,0,3,1,9,239,392,131,0,3,2,0,1,0,0,0,0,0,2,0,2,1,0,0,0,0,1,0,1,0,1,2,0,0,2,0,1,2,43,30,0,0,0,0,0,0,36,49,0,0,2,0,0,0,1,5,0,0,0,3,3,7,21,6,0,0,5,117,129,50,18,22,0,0,0,9,296,275,160,252,0,1,2,1,12,65,42,19,0,3,1,0,0,0,0,0,0,0,2,0,1,0,1,0,0,0,1,0,1,1,2,1,0,0,2,0,0,2,0,26,0,0,0,0,0,0,30,46,0,0,2,0,0,0,1,5,0,0,0,3,2,6,19,139,0,0,57,225,128,105,213,49,0,0,0,56,130,110,59,0,0,2,2,0,11,19,37,17,0,3,0,0,0,1,0,0,0,0,0,0,0,0,0,0,0,0,0,0,1,2,2,0,0,0,0,0,0,2,0,21,0,0,0,0,0,0,26,43,0,0,2,0,0,0,46,9,0,0,48,0,58,227,97,16,0,0,158,224,188,36,0,0,0,0,0,9,22,27,7,0,0,2,0,0,8,14,30,14,0,0,0,0,0,1,0,0,0,0,0,0,0,0,0,0,0,0,0,0,1,2,1,0,0,0,0,0,0,2,0,19,0,0,0,0,0,1,22,39,0,0,2,0,120,100,4,7,0,48,179,228,218,0,0,13,0,0,47,29,8,0,0,0,0,0,0,6,19,23,6,0,0,2,0,0,7,12,26,12,0,0,0,0,0,0,0,0,0,0,0,0,0,1,0,0,0,0,0,0,1,3,2,0,0,0,0,0,1,4,1,16,0,0,0,54,55,3,18,36,0,38,220,273,63,0,2,5,1,93,104,13,3,0,1,11,0,50,42,25,6,0,0,0,1,4,0,4,16,19,7,0,0,0,0,0,5,10,22,10,0,0,0,1,0,0,0,0,0,0,0,0,0,1,1,0,0,0,0,0,1,2,3,0,0,0,59,43,1,3,1,12,45,105,24,0,12,0,12,29,41,0,44,0,0,0,0,1,0,13,0,8,1,0,2,7,0,42,0,17,3,0,0,0,0,4,0,2,12,14,6,0,0,0,0,0,1,7,15,6,0.404129814,0.077140871,-0.073960437,0.500696829,0.002505218,-0.061267847,0.801962489,-0.104080761,-0.06572929,1.557895242,-0.296408447,-0.058850192,1.316795848,-0.243143178,-0.057289207,,,,,,,,,,,,,,,,,,,,,,,,,,,,,,,,,,,,,,,,,,,,,,,,,,,,,,,,,,,,,,,,,,,,,,,,,,,,,,,,,,,,,,,,,,,,,,,,,,,,,,,,,,,,,,,,,,,,,,,,,,,,,,,,,,,,,,,,,,,,,,,,,,,,,,,,,,,,,,,,,,,,,,,,,,,,,,,,,,,,,,,,,,,,,,,,,,,,,,,,,,,,,,,,,,,,,,,,,,,,,,,,,,,,,,,,,,,,,,,,,,,,,,,,,,,,,,,,,,,,,,,,,,,,,,,,,,,,,,,,,,,,,,,,,,,,,,,,,,,,,,,,,,,,,,,,,,,,,,,,,,,,,,,,,,,,,,,,,,,,,,,,,,,,,,,,,,,,,,,,,,,,,,,,,,,,,,,,,,,,,,,,,,,,,,,,,,,,,,,,,,,,,,,,,,,,,,,,,,,,,,,,,,,,,,,,,,,,,,,,,,,,,,,,,,,,,,,,,,,,,,,,,,,,,,,,,,,,,,,,,,,,,,,,,,,,,,,,,,,,,,,,,,,,,,,,,,,,,,,,,,,,,,,,,,,,,,,,,,,,,,,,,,,,,,,,,,,,,,,,,,,,,,,,,,,,,,,,,,,,,,,,,,,,,,,,,,,,,,,,,,,,,,,,,,,,,,,,,,,,,,,,,,,,,,,,,,,,,,,,,,,,,,,,,,,,,,,,,,,,,,,,,,,,,,,,,,,,,,,,,,,,,,,,,,,,,,,,,,,,,,,,,,,,,,,,,,,,,,,,,,,,,,,,,,,,,,,,,,,,,,,,,,,,,,,,,,,,,,,,,,,,,,,,,,,,,,,,,,,,,,,,,,,,,,,,,,,,,,,,,,,,,,,,,
24,0,0,1,1,0,1,0,0,0,0,2,1,0,1,0,1,0,1,3,1,0,1,0,0,3,6,1,6,0,6,3,0,7,1,11,8,2,4,91,53,45,47,53,1,1,1,4,2,66,49,1,4,1,3,5,3,46,9,8,5,2,4,5,4,49,0,3,2,6,1,4,3,5,1,2,1,2,6,0,0,0,0,1,1,0,1,0,0,0,0,2,1,0,1,0,1,0,1,3,1,0,1,0,0,3,6,1,6,0,6,3,0,7,1,11,8,2,4,91,53,45,47,53,1,1,1,4,2,66,49,1,4,1,3,5,3,46,9,8,5,2,4,5,4,49,0,3,2,6,1,4,3,5,1,2,1,2,6,0,0,0,0,0,0,0,0,0,0,0,0,0,0,0,0,0,0,1,2,2,0,0,0,0,0,3,8,0,3,1,8,7,0,8,2,13,5,3,6,93,50,47,46,53,0,2,0,7,3,67,51,3,0,3,3,7,4,47,12,9,3,4,4,8,9,47,0,3,1,8,1,7,6,7,2,1,0,3,8,1,0,0,0,0,0,0,0,0,1,0,0,0,0,0,0,0,1,0,3,3,0,0,0,0,0,3,9,0,5,0,10,8,0,9,3,16,7,5,8,90,46,48,45,54,0,2,0,8,4,68,53,5,0,4,4,9,6,48,15,10,5,5,5,10,57,45,0,4,2,10,2,10,10,9,3,2,0,3,11,1,1,1,0,1,1,0,1,0,0,0,0,1,1,0,1,0,0,1,3,4,1,0,1,0,0,3,9,1,6,1,12,8,0,9,1,19,8,6,9,39,42,44,44,54,1,1,1,8,3,65,50,4,1,4,5,12,7,48,17,11,6,7,6,13,55,42,0,5,3,12,2,13,14,10,3,3,1,4,13,2,1,0,0,0,0,1,0,1,0,0,0,0,0,1,0,1,1,0,4,4,0,1,0,1,0,2,10,0,6,2,12,8,0,9,0,20,8,6,7,36,38,0,43,51,0,1,0,7,3,60,46,2,0,3,5,15,10,45,19,11,6,8,6,14,57,38,0,5,2,13,1,16,58,10,4,2,0,5,13,2,2,0,0,0,0,1,0,1,0,0,0,0,0,1,0,1,1,0,4,4,0,1,0,1,0,2,10,0,6,2,12,8,0,9,0,20,8,6,7,36,38,0,43,51,0,1,0,7,3,60,46,2,0,3,5,15,10,45,19,11,6,8,6,14,57,38,0,5,2,13,1,16,58,10,4,2,0,5,13,2,2,0,0,0,0,0,0,0,1,0,0,0,0,0,0,0,1,0,4,5,0,0,0,0,0,2,11,1,7,1,12,6,0,9,1,19,9,4,6,31,34,0,40,46,0,0,0,5,4,19,41,0,1,1,6,17,56,41,20,11,6,8,7,15,59,34,0,5,1,13,0,16,58,9,4,1,0,5,14,1,3,0,1,0,1,0,0,0,0,0,0,0,1,1,0,0,1,0,0,2,1,1,0,0,0,2,11,2,2,1,12,6,0,9,0,18,2,3,4,27,30,1,36,40,1,0,0,4,4,16,36,0,2,0,7,20,56,37,20,10,0,8,8,16,60,31,0,5,0,14,1,17,57,8,2,1,1,6,15,2,2,0,0,0,0,1,0,1,0,0,0,0,0,1,0,1,0,0,0,2,0,1,0,1,0,1,10,2,1,1,11,5,0,8,0,16,1,2,2,23,28,0,32,34,0,0,0,4,5,14,32,0,2,1,7,22,57,33,21,8,0,7,8,17,62,29,0,4,0,15,0,18,56,6,2,1,0,7,16,3,3,0,0,0,0,1,0,1,0,0,0,0,0,1,0,1,0,0,0,2,0,1,0,1,0,1,10,2,1,1,11,5,0,8,0,16,1,2,2,23,28,0,32,34,0,0,0,4,5,14,32,0,2,1,7,22,57,33,21,8,0,7,8,17,62,29,0,4,0,15,0,18,56,6,2,1,0,7,16,3,3,0,1,0,0,0,0,0,1,0,0,0,0,0,0,0,1,0,1,3,0,0,0,0,1,1,10,2,1,1,10,3,0,8,1,15,2,1,1,19,27,0,28,29,0,0,0,4,8,13,28,0,3,1,8,22,59,29,21,8,0,6,9,17,64,28,0,5,0,16,0,18,55,6,2,2,1,8,19,3,3,0,0,1,1,0,0,0,0,0,0,1,1,0,1,0,0,1,0,4,1,0,0,0,0,2,8,2,1,2,10,2,0,8,0,14,1,0,1,16,25,1,24,25,1,0,1,5,9,11,24,0,4,0,9,25,59,25,21,7,1,5,10,18,63,27,0,6,1,17,1,19,53,7,0,3,3,11,22,5,2,0,0,1,1,0,0,0,0,0,0,1,1,0,1,0,0,1,0,4,1,0,0,0,0,2,8,2,1,2,10,2,0,8,0,14,1,0,1,16,25,1,24,25,1,0,1,5,9,11,24,0,4,0,9,25,59,25,21,7,1,5,10,18,63,27,0,6,1,17,1,19,53,7,0,3,3,11,22,5,2,0,0,0,0,1,0,1,0,0,0,0,0,1,0,1,0,0,0,4,0,1,0,1,0,0,0,0,1,1,0,0,0,6,0,12,0,1,0,15,24,0,20,21,0,0,0,6,10,9,20,0,4,1,9,28,59,21,22,5,0,6,10,19,59,26,0,6,1,18,1,20,49,6,0,3,3,12,24,6,1,0,1,0,0,0,0,0,0,0,0,0,0,0,0,0,0,0,1,1,0,0,0,0,0,0,0,1,0,0,0,0,0,6,0,11,0,0,0,13,23,0,16,17,0,0,0,7,12,7,19,0,2,0,9,30,59,17,21,5,0,6,11,19,56,24,0,7,2,19,2,20,45,7,1,4,4,13,26,5,1,0,0,1,1,0,1,0,0,0,0,1,1,1,1,0,0,1,0,1,1,1,1,0,0,1,0,1,1,0,0,0,0,5,0,10,0,0,1,12,21,1,14,14,1,0,1,9,14,7,17,0,3,1,9,31,143,14,20,5,1,6,12,20,52,23,0,9,3,22,3,19,40,7,1,5,5,13,26,4,0,0,1,1,1,0,1,0,0,0,1,1,1,1,1,0,0,1,1,1,1,0,1,0,0,1,1,0,1,0,1,0,0,0,0,0,1,0,1,12,20,2,0,0,0,0,1,15,58,0,0,0,4,0,7,34,195,0,0,1,2,7,13,21,46,0,0,5,4,23,4,17,33,2,3,3,3,13,24,2,0,0,1,0,0,1,0,1,0,0,1,0,0,1,0,1,0,0,1,1,0,1,0,1,0,1,1,0,0,1,0,2,1,0,0,0,0,1,1,13,21,3,0,0,0,0,0,63,207,0,0,0,4,1,5,36,198,0,0,2,2,8,13,21,42,1,0,5,4,23,2,16,28,2,4,2,2,12,22,1,0,1,1,1,0,0,1,0,1,1,1,0,0,0,1,0,0,1,1,0,0,0,1,0,0,3,2,1,1,0,1,0,0,0,0,0,0,3,4,66,25,0,0,0,0,0,1,264,418,0,0,0,2,1,6,41,149,0,4,8,5,11,12,18,31,6,0,7,1,20,1,13,22,4,5,4,0,10,20,1,0,0,1,0,0,1,0,1,0,0,0,0,0,1,0,1,0,0,0,0,0,1,0,1,0,1,1,0,0,1,1,1,0,0,0,1,0,4,7,145,104,0,0,0,0,0,1,269,421,1,2,0,2,1,6,42,70,3,6,5,5,11,10,17,26,3,2,1,1,20,0,12,19,0,0,0,0,10,18,2,0,0,2,0,0,0,0,0,0,1,0,1,1,0,0,0,0,0,1,1,1,0,0,0,0,1,1,0,1,1,2,1,0,0,0,1,0,4,73,333,338,0,0,1,0,0,2,111,117,3,4,0,3,0,7,38,0,5,8,6,5,10,9,15,22,1,1,2,2,20,0,10,17,0,1,1,0,8,17,0,0,0,0,0,0,0,0,0,0,1,0,2,0,0,0,0,0,0,0,0,1,1,0,0,174,0,0,0,0,4,117,296,214,0,0,1,0,6,38,63,44,0,0,2,1,0,0,14,16,2,3,0,2,1,8,29,0,3,6,5,4,8,9,11,14,0,1,2,0,20,0,7,10,0,1,0,0,0,0,0,0,0,0,0,1,0,0,0,0,0,0,2,0,0,0,0,69,0,0,0,0,1,43,293,129,0,0,0,1,6,71,74,9,0,0,1,0,6,33,0,0,0,0,1,2,0,0,11,12,1,2,0,0,1,9,25,0,3,4,4,0,6,8,9,10,0,1,2,0,19,1,5,6,0,0,0,0,0,0,0,0,0.5666881,-0.093563902,-0.065008105,0.927322081,-0.138984008,-0.065442358,1.119191203,-0.177114066,-0.069756217,1.104788927,-0.240234565,-0.067012975,1.268715425,-0.267829107,-0.071004699,1.279558494,-0.268571702,-0.071004699,1.109237884,-0.238380856,-0.059669873,1.07857515,-0.283639248,-0.071607626
7,1,0,0,0,1,0,0,1,2,0,2,1,2,0,0,1,1,0,2,0,0,0,0,1,1,0,0,1,0,1,0,1,2,0,0,1,2,0,3,41,0,0,1,0,0,0,3,188,1,0,0,0,1,3,49,271,0,1,0,2,3,3,5,3,1,0,0,1,1,0,1,2,0,0,1,1,2,2,0,0,0,0,1,1,1,0,1,0,1,0,3,1,1,0,1,0,0,0,3,1,1,0,1,1,0,0,1,2,1,2,1,0,1,0,1,2,1,0,2,35,0,0,1,0,0,0,2,145,1,0,0,0,0,4,97,368,0,1,1,2,0,6,46,47,0,0,1,1,2,0,2,2,0,0,2,2,2,0,1,1,1,1,1,1,0,0,0,0,2,1,0,0,0,0,0,0,1,0,4,2,0,0,0,2,2,1,0,0,2,0,1,0,0,0,1,3,0,0,1,26,2,1,0,1,0,0,2,31,0,0,0,0,0,2,39,238,1,1,0,1,1,10,199,309,0,0,2,1,3,2,51,5,2,2,2,3,3,1,1,0,1,1,1,1,0,0,0,0,2,1,0,1,0,1,0,0,1,0,5,3,0,0,1,0,2,1,0,1,3,1,2,0,0,0,1,3,1,0,1,22,0,1,1,1,1,0,1,27,0,0,0,0,0,1,35,146,0,1,0,0,0,9,198,354,0,0,1,0,5,6,177,89,2,2,2,4,4,2,2,0,2,1,0,0,0,0,0,0,3,1,0,0,0,2,0,0,1,1,2,0,0,0,0,0,3,1,0,1,2,2,1,0,0,0,0,0,1,1,0,18,0,1,0,0,0,1,0,23,0,1,0,0,0,1,32,53,0,0,0,0,0,7,12,271,0,0,0,0,5,10,280,274,2,1,1,2,5,73,93,0,3,1,1,0,0,0,0,0,4,1,1,0,0,1,0,0,2,1,3,1,0,0,0,0,4,1,0,2,3,2,1,0,0,0,1,1,2,1,0,14,1,1,1,1,1,1,0,18,0,1,1,1,0,1,27,0,1,0,0,0,0,5,8,114,0,0,0,0,3,8,87,338,3,1,1,0,5,75,322,123,2,0,0,0,0,1,0,0,2,0,0,0,0,0,1,0,0,0,3,1,0,1,0,0,2,0,0,0,1,0,1,0,0,0,1,2,1,2,0,0,1,0,0,1,1,1,1,14,0,1,0,2,0,3,20,0,0,0,0,0,0,5,10,53,0,0,0,0,2,5,4,106,0,0,0,0,1,15,39,325,0.692385423,-0.019894926,-0.056445752,,,,,,,,,,,,,,,,,,,,,,,,,,,,,,,,,,,,,,,,,,,,,,,,,,,,,,,,,,,,,,,,,,,,,,,,,,,,,,,,,,,,,,,,,,,,,,,,,,,,,,,,,,,,,,,,,,,,,,,,,,,,,,,,,,,,,,,,,,,,,,,,,,,,,,,,,,,,,,,,,,,,,,,,,,,,,,,,,,,,,,,,,,,,,,,,,,,,,,,,,,,,,,,,,,,,,,,,,,,,,,,,,,,,,,,,,,,,,,,,,,,,,,,,,,,,,,,,,,,,,,,,,,,,,,,,,,,,,,,,,,,,,,,,,,,,,,,,,,,,,,,,,,,,,,,,,,,,,,,,,,,,,,,,,,,,,,,,,,,,,,,,,,,,,,,,,,,,,,,,,,,,,,,,,,,,,,,,,,,,,,,,,,,,,,,,,,,,,,,,,,,,,,,,,,,,,,,,,,,,,,,,,,,,,,,,,,,,,,,,,,,,,,,,,,,,,,,,,,,,,,,,,,,,,,,,,,,,,,,,,,,,,,,,,,,,,,,,,,,,,,,,,,,,,,,,,,,,,,,,,,,,,,,,,,,,,,,,,,,,,,,,,,,,,,,,,,,,,,,,,,,,,,,,,,,,,,,,,,,,,,,,,,,,,,,,,,,,,,,,,,,,,,,,,,,,,,,,,,,,,,,,,,,,,,,,,,,,,,,,,,,,,,,,,,,,,,,,,,,,,,,,,,,,,,,,,,,,,,,,,,,,,,,,,,,,,,,,,,,,,,,,,,,,,,,,,,,,,,,,,,,,,,,,,,,,,,,,,,,,,,,,,,,,,,,,,,,,,,,,,,,,,,,,,,,,,,,,,,,,,,,,,,,,,,,,,,,,,,,,,,,,,,,,,,,,,,,,,,,,,,,,,,,,,,,,,,,,,,,,,,,,,,,,,,,,,,,,,,,,,,,,,,,,,,,,,,,,,,,,,,,,,,,,,,,,,,,,,,,,,,,,,,,,,,,,,,,,,,,,,,,,,,,,,,,,,,,,,,,,,,,,,,,,,,,,,,,,,,,,,,,,,,,,,,,,,,,,,,,,,,,,,,,,,,,,,,,,,,,,,,,,,,,,,,,,,,,,,,,,,,,,,,,,,,,,,,,,,,,,,,,,,,,,,,,,,,,,,,,,,,,,,,,,,,,,,,,,,,,,,,,,,,,,,,,,,,,,,,,,,,,,,,,,,,,,,,,,,,,,,,,,,,,,,,,,,,,,,,,,,,,,,,,,,,,,,,,,,,,,,,,,,,,,,,,,,,,,,,,,,,,,,,,,,,,,,,,,,,,,,,,,,,,,,,,,,,,,,,,,,,,,,,,,,,,,,,,,,,,,,,,,,,,,,,,,,,,,,,,,,,,,,,,,,,,,,,,,,,,,,,,,,,,,,,,,,,,,,,,,,,,,,,,,,,,,,,,,,,,,,,,,,,,,,,,,,,,,,,,,,,,,,,,,,,,,,,,,,,,,,,,,,,,,,,,,,,,,,,,,,
14,1,1,1,1,0,1,0,0,1,1,0,1,0,1,0,0,0,2,0,0,0,1,0,1,0,1,1,0,0,0,0,2,1,0,1,0,0,1,0,1,0,1,0,1,0,1,58,62,0,0,0,0,0,1,209,182,0,2,1,0,0,0,200,92,2,0,2,1,0,2,54,0,1,3,2,2,1,1,0,0,1,1,1,1,0,1,0,0,1,1,0,1,0,1,0,0,0,2,0,0,0,1,0,1,0,1,1,0,0,0,0,2,1,0,1,0,0,1,0,1,0,1,0,1,0,1,58,62,0,0,0,0,0,1,209,182,0,2,1,0,0,0,200,92,2,0,2,1,0,2,54,0,1,3,2,2,1,1,0,0,2,0,0,1,0,0,0,0,2,1,0,0,0,0,0,0,1,2,0,0,0,1,0,0,1,1,1,0,0,0,0,1,0,0,1,0,0,0,0,1,0,0,0,0,0,0,56,62,0,0,0,0,0,0,149,249,0,1,1,0,0,0,201,226,2,0,1,1,0,2,170,44,2,3,2,2,2,2,0,0,3,0,0,0,0,1,0,0,3,1,0,0,0,1,0,0,0,0,2,1,1,0,0,0,1,0,1,1,1,3,0,0,0,0,1,2,0,1,0,1,0,0,0,1,0,1,0,10,0,0,0,0,0,0,0,19,0,0,0,0,0,0,0,211,0,0,0,0,0,2,82,318,1,1,0,0,5,189,361,76,1,0,0,0,0,0,0,0,1,0,0,1,0,0,0,0,0,0,3,2,1,0,0,0,2,0,2,2,3,4,1,0,0,0,3,5,0,1,0,0,0,0,0,2,1,1,0,10,0,0,0,1,0,0,0,17,0,0,0,0,0,0,0,153,0,0,0,0,0,0,78,320,0,0,0,0,6,185,357,131,1,1,1,0,0,0,0,0,1,1,1,0,0,0,0,0,0,1,4,2,0,0,0,0,2,1,3,2,3,5,4,0,0,1,5,5,0,2,0,0,0,1,1,2,1,1,1,10,0,1,1,1,0,1,0,15,0,0,1,0,0,0,0,151,0,0,0,0,0,0,73,320,0,0,0,0,6,138,352,175,2,2,1,1,0,0,0,0,2,2,1,1,1,0,0,0,1,2,5,3,0,0,0,0,3,2,2,4,5,6,4,0,1,1,1,1,3,1,1,0,0,2,0,4,2,0,1,10,0,2,1,3,0,1,0,58,0,1,0,0,0,0,0,150,0,0,0,0,0,0,67,320,0,0,0,0,7,134,345,129,2,2,0,0,0,0,0,0,2,2,1,0,0,0,0,0,1,0,2,0,0,0,0,0,1,0,0,1,1,0,0,0,0,0,2,1,3,1,1,0,0,2,0,1,1,0,1,10,0,2,2,1,0,1,0,59,0,0,0,0,0,0,0,153,0,0,0,0,0,0,64,320,0,0,0,0,5,132,342,126,2,0,0,0,0,0,0,0,2,0,0,0,0,0,0,0,1,0,2,0,0,0,0,0,2,0,0,2,2,1,0,0,0,0,2,2,3,1,1,0,0,0,0,2,2,0,1,10,0,0,0,2,2,1,0,59,1,0,0,0,0,0,0,154,0,0,0,0,0,0,61,320,2,0,0,0,6,130,339,127,3,1,1,0,0,0,0,0,2,1,0,0,0,1,0,0,1,2,3,0,0,0,0,0,3,2,1,3,3,3,0,0,0,1,4,3,4,3,1,0,0,2,1,3,2,1,1,8,0,2,1,3,4,3,0,54,0,0,0,0,0,0,0,152,0,0,1,0,0,0,52,320,1,0,0,0,4,124,330,168,4,1,0,0,0,0,0,0,3,1,0,0,0,1,0,0,0,2,3,1,1,0,0,0,4,2,1,4,4,3,1,0,0,1,4,4,3,3,2,0,0,2,0,3,3,1,2,9,0,2,0,4,5,3,0,48,1,0,0,0,0,0,0,150,0,0,0,0,0,0,48,320,1,0,0,0,3,119,326,169,5,1,0,0,0,1,0,0,4,1,1,0,0,2,0,0,0,0,1,1,1,1,1,1,1,0,1,2,1,2,0,0,0,1,0,1,4,4,2,0,1,2,0,0,3,2,2,7,0,1,0,2,5,4,0,44,0,0,2,0,0,0,0,149,0,0,0,0,0,0,46,319,1,0,1,0,1,76,324,167,0,0,0,0,0,2,0,0,1,0,2,0,0,0,0,0,0,0,2,1,1,1,1,0,1,0,2,1,1,2,0,1,0,0,0,0,0,2,0,1,0,0,0,0,2,2,2,7,0,0,1,1,3,4,0,43,0,0,1,0,0,0,0,151,0,0,0,0,0,0,46,317,0,0,2,0,0,71,236,120,0,0,0,0,0,0,1,0,0,0,0,1,0,0,0,0,0,0,0,0,0,0,1,0,0,0,0,0,0,1,1,2,0,0,0,0,0,0,1,0,0,0,0,0,0,0,0,0,0,0,0,0,0,2,0,89,0,0,0,0,0,0,0,242,0,0,0,0,0,0,43,200,0,0,2,2,1,23,39,3,0.56226369,-0.12681535,-0.056835455,0.793818633,-0.343077635,-0.075568098,,,,,,,,,,,,,,,,,,,,,,,,,,,,,,,,,,,,,,,,,,,,,,,,,,,,,,,,,,,,,,,,,,,,,,,,,,,,,,,,,,,,,,,,,,,,,,,,,,,,,,,,,,,,,,,,,,,,,,,,,,,,,,,,,,,,,,,,,,,,,,,,,,,,,,,,,,,,,,,,,,,,,,,,,,,,,,,,,,,,,,,,,,,,,,,,,,,,,,,,,,,,,,,,,,,,,,,,,,,,,,,,,,,,,,,,,,,,,,,,,,,,,,,,,,,,,,,,,,,,,,,,,,,,,,,,,,,,,,,,,,,,,,,,,,,,,,,,,,,,,,,,,,,,,,,,,,,,,,,,,,,,,,,,,,,,,,,,,,,,,,,,,,,,,,,,,,,,,,,,,,,,,,,,,,,,,,,,,,,,,,,,,,,,,,,,,,,,,,,,,,,,,,,,,,,,,,,,,,,,,,,,,,,,,,,,,,,,,,,,,,,,,,,,,,,,,,,,,,,,,,,,,,,,,,,,,,,,,,,,,,,,,,,,,,,,,,,,,,,,,,,,,,,,,,,,,,,,,,,,,,,,,,,,,,,,,,,,,,,,,,,,,,,,,,,,,,,,,,,,,,,,,,,,,,,,,,,,,,,,,,,,,,,,,,,,,,,,,,,,,,,,,,,,,,,,,,,,,,,,,,,,,,,,,,,,,,,,,,,,,,,,,,,,,,,,,,,,,,,,,,,,,,,,,,,,,,,,,,,,,,,,,,,,,,,,,,,,,,,,,,,,,,,,,,,,,,,,,,,,,,,,,,,,,,,,,,,,,,,,,,,,,,,,,,,,,,,,,,,,,,,,,,,,,,,,,,,,,,,,,,,,,,,,,,,,,,,,,,,,,,,,,,,,,,,,,,,,,,
4,0,0,0,0,0,0,1,0,0,1,1,0,0,0,1,0,0,0,0,1,0,0,1,0,0,1,0,0,0,2,1,0,0,0,0,1,0,0,1,1,0,0,0,0,0,0,3,10,0,1,0,2,0,1,46,255,0,4,1,0,3,3,46,127,2,0,1,0,4,0,5,3,0,1,1,2,2,2,1,0,0,0,1,0,0,0,0,1,0,0,3,0,0,0,0,0,0,0,3,0,0,0,0,1,1,0,0,1,0,1,0,1,1,0,1,2,0,0,0,1,0,0,1,0,0,0,0,6,1,1,0,3,0,0,41,27,0,2,1,0,2,5,46,222,0,0,1,0,6,0,78,192,0,2,2,2,3,2,2,1,0,0,0,0,0,0,1,0,0,0,3,0,0,0,1,0,0,1,3,0,0,1,1,0,1,1,0,0,0,1,1,0,1,0,0,2,0,1,1,0,0,1,0,0,0,0,1,4,0,2,0,4,1,0,35,24,0,3,0,0,2,5,42,71,0,0,0,0,7,1,78,276,0,3,1,2,3,3,5,54,1,1,1,1,1,1,0,0,0,1,3,1,1,1,0,0,0,1,3,1,1,1,0,1,2,1,0,1,1,2,0,0,0,1,0,0,0,1,0,1,0,1,0,1,1,1,0,2,0,3,0,5,1,1,30,21,0,4,0,1,3,5,38,25,0,0,1,0,6,1,29,154,0,4,1,2,4,4,59,189,0.588011005,-0.042239202,-0.064100986,0.588816638,0.041812076,-0.083902636,,,,,,,,,,,,,,,,,,,,,,,,,,,,,,,,,,,,,,,,,,,,,,,,,,,,,,,,,,,,,,,,,,,,,,,,,,,,,,,,,,,,,,,,,,,,,,,,,,,,,,,,,,,,,,,,,,,,,,,,,,,,,,,,,,,,,,,,,,,,,,,,,,,,,,,,,,,,,,,,,,,,,,,,,,,,,,,,,,,,,,,,,,,,,,,,,,,,,,,,,,,,,,,,,,,,,,,,,,,,,,,,,,,,,,,,,,,,,,,,,,,,,,,,,,,,,,,,,,,,,,,,,,,,,,,,,,,,,,,,,,,,,,,,,,,,,,,,,,,,,,,,,,,,,,,,,,,,,,,,,,,,,,,,,,,,,,,,,,,,,,,,,,,,,,,,,,,,,,,,,,,,,,,,,,,,,,,,,,,,,,,,,,,,,,,,,,,,,,,,,,,,,,,,,,,,,,,,,,,,,,,,,,,,,,,,,,,,,,,,,,,,,,,,,,,,,,,,,,,,,,,,,,,,,,,,,,,,,,,,,,,,,,,,,,,,,,,,,,,,,,,,,,,,,,,,,,,,,,,,,,,,,,,,,,,,,,,,,,,,,,,,,,,,,,,,,,,,,,,,,,,,,,,,,,,,,,,,,,,,,,,,,,,,,,,,,,,,,,,,,,,,,,,,,,,,,,,,,,,,,,,,,,,,,,,,,,,,,,,,,,,,,,,,,,,,,,,,,,,,,,,,,,,,,,,,,,,,,,,,,,,,,,,,,,,,,,,,,,,,,,,,,,,,,,,,,,,,,,,,,,,,,,,,,,,,,,,,,,,,,,,,,,,,,,,,,,,,,,,,,,,,,,,,,,,,,,,,,,,,,,,,,,,,,,,,,,,,,,,,,,,,,,,,,,,,,,,,,,,,,,,,,,,,,,,,,,,,,,,,,,,,,,,,,,,,,,,,,,,,,,,,,,,,,,,,,,,,,,,,,,,,,,,,,,,,,,,,,,,,,,,,,,,,,,,,,,,,,,,,,,,,,,,,,,,,,,,,,,,,,,,,,,,,,,,,,,,,,,,,,,,,,,,,,,,,,,,,,,,,,,,,,,,,,,,,,,,,,,,,,,,,,,,,,,,,,,,,,,,,,,,,,,,,,,,,,,,,,,,,,,,,,,,,,,,,,,,,,,,,,,,,,,,,,,,,,,,,,,,,,,,,,,,,,,,,,,,,,,,,,,,,,,,,,,,,,,,,,,,,,,,,,,,,,,,,,,,,,,,,,,,,,,,,,,,,,,,,,,,,,,,,,,,,,,,,,,,,,,,,,,,,,,,,,,,,,,,,,,,,,,,,,,,,,,,,,,,,,,,,,,,,,,,,,,,,,,,,,,,,,,,,,,,,,,,,,,,,,,,,,,,,,,,,,,,,,,,,,,,,,,,,,,,,,,,,,,,,,,,,,,,,,,,,,,,,,,,,,,,,,,,,,,,,,,,,,,,,,,,,,,,,,,,,,,,,,,,,,,,,,,,,,,,,,,,,,,,,,,,,,,,,,,,,,,,,,,,,,,,,,,,,,,,,,,,,,,,,,,,,,,,,,,,,,,,,,,,,,,,,,,,,,,,,,,,,,,,,,,,,,,,,,,,,,,,,,,,,,,,,,,,,,,,,,,,,,,,,,,,,,,,,,,,,,,,,,,,,,,,,,,,,,,,,,,,,,,,,,,,,,,,,,,,,,,,,,,,,,,,,,,,,,,,,,,,,,,,,,,,,,,,,,,,,,,,,,,,,,,,,,,,,,,,,,,,,,,,,,,
12,2,0,1,0,1,1,0,0,1,1,1,0,1,1,1,1,1,1,2,0,1,1,0,0,2,0,2,0,1,1,0,0,2,0,1,0,1,1,0,2,1,1,1,0,1,1,0,0,0,1,0,1,1,1,3,4,0,3,1,0,3,9,30,100,0,0,0,0,6,3,102,287,0,1,0,1,7,8,4,25,2,0,1,1,0,0,1,0,1,0,1,1,0,0,1,0,1,2,2,0,0,0,1,0,2,1,2,1,0,1,1,0,1,0,1,1,0,0,1,3,0,2,0,0,0,0,1,0,0,2,0,2,1,1,4,5,0,4,1,0,3,11,88,153,0,0,0,0,6,4,183,288,0,1,0,2,7,8,5,21,3,0,2,1,0,0,0,0,2,0,1,1,0,0,0,1,1,2,2,1,0,0,0,1,3,1,2,1,0,2,0,0,1,0,1,1,0,0,0,3,0,1,0,1,0,0,0,1,0,2,0,3,1,2,4,6,0,5,2,1,4,67,159,220,0,0,0,0,8,66,251,216,1,3,1,3,8,9,5,17,2,0,2,0,0,0,0,0,2,0,0,0,1,1,0,0,0,0,0,0,1,1,0,0,1,0,0,0,1,3,0,0,1,0,1,1,1,1,1,3,0,1,0,0,1,1,0,0,0,1,0,3,2,3,6,6,1,0,1,0,55,196,239,294,0,0,1,0,12,113,199,82,2,1,2,3,9,10,6,14,2,0,1,0,0,0,0,0,2,0,0,0,0,0,0,0,0,0,0,1,0,0,1,0,0,0,0,0,0,0,1,0,0,0,1,0,0,0,0,0,0,1,0,0,1,0,0,1,0,1,0,3,2,3,8,49,0,0,0,0,107,198,240,243,0,0,0,0,14,113,124,15,2,1,2,3,8,10,6,11,3,0,0,0,0,0,0,0,3,0,0,0,0,0,0,0,0,0,0,0,0,0,0,0,1,0,0,0,0,0,0,0,1,0,0,0,0,0,1,2,1,1,0,0,0,0,0,109,0,1,0,2,3,44,201,195,0,0,0,157,303,267,64,0,0,0,2,3,69,23,11,10,3,1,2,0,8,10,4,7,3,0,0,1,0,0,0,0,3,0,0,0,0,0,0,0,0,0,0,0,0,0,0,0,0,0,0,0,0,0,0,0,0,0,0,0,0,0,4,4,0,1,0,0,0,0,140,54,0,1,1,66,72,180,233,0,0,0,48,222,241,86,0,0,0,0,3,5,64,21,9,9,3,1,3,1,8,11,2,7,1,1,0,1,0,1,0,1,2,0,0,0,0,0,0,1,0,0,0,0,0,0,1,0,0,0,0,0,0,1,1,0,0,0,0,0,0,0,46,5,1,0,1,0,0,111,179,49,0,0,124,218,221,192,1,0,0,0,51,156,96,4,0,4,4,1,4,5,58,18,11,13,2,1,4,1,10,14,4,11,0,0,0,0,0,1,1,1,1,0,0,1,0,0,0,1,0,0,0,1,1,1,0,1,0,0,0,1,1,3,2,0,0,0,2,2,160,41,0,4,0,150,231,248,107,0,0,0,0,163,147,1,0,0,1,0,1,1,10,15,9,6,40,7,6,0,5,8,54,20,61,19,3,1,4,3,16,73,68,17,1,0,0,0,0,1,0,1,1,0,0,0,0,0,0,0,1,0,0,0,1,0,0,1,1,0,0,97,3,3,2,0,0,0,176,272,20,0,0,4,91,302,227,0,0,0,0,0,2,15,16,0,0,1,2,0,2,2,8,13,12,10,39,8,8,0,6,9,54,23,60,22,4,1,4,5,84,73,67,19,0,0,0,0,0,0,0,0,0,0,0,0,0,0,0,0,0,0,1,2,1,0,0,0,0,75,250,13,2,1,1,0,167,333,76,0,14,0,0,2,92,30,22,0,0,0,0,0,1,13,13,0,0,3,4,0,2,0,6,13,54,13,39,8,8,0,7,13,56,26,58,22,4,0,6,61,84,73,66,19,1,0,0,1,0,0,0,0,1,0,0,0,0,0,0,0,2,164,2,1,1,0,0,0,352,136,17,10,0,0,0,0,112,0,0,0,11,0,0,0,2,26,18,0,0,0,0,0,0,11,11,1,0,3,4,2,0,0,8,16,52,14,37,1,9,0,52,58,57,26,55,2,2,0,70,62,82,71,62,1,1.3502943,-0.425160871,-0.059278136,0.952161649,-0.247074626,-0.059311913,1.258820739,-0.461126706,-0.066192967,1.514074884,-0.651844948,-0.05748736,,,,,,,,,,,,,,,,,,,,,,,,,,,,,,,,,,,,,,,,,,,,,,,,,,,,,,,,,,,,,,,,,,,,,,,,,,,,,,,,,,,,,,,,,,,,,,,,,,,,,,,,,,,,,,,,,,,,,,,,,,,,,,,,,,,,,,,,,,,,,,,,,,,,,,,,,,,,,,,,,,,,,,,,,,,,,,,,,,,,,,,,,,,,,,,,,,,,,,,,,,,,,,,,,,,,,,,,,,,,,,,,,,,,,,,,,,,,,,,,,,,,,,,,,,,,,,,,,,,,,,,,,,,,,,,,,,,,,,,,,,,,,,,,,,,,,,,,,,,,,,,,,,,,,,,,,,,,,,,,,,,,,,,,,,,,,,,,,,,,,,,,,,,,,,,,,,,,,,,,,,,,,,,,,,,,,,,,,,,,,,,,,,,,,,,,,,,,,,,,,,,,,,,,,,,,,,,,,,,,,,,,,,,,,,,,,,,,,,,,,,,,,,,,,,,,,,,,,,,,,,,,,,,,,,,,,,,,,,,,,,,,,,,,,,,,,,,,,,,,,,,,,,,,,,,,,,,,,,,,,,,,,,,,,,,,,,,,,,,,,,,,,,,,,,,,,,,,,,,,,,,,,,,,,,,,,,,,,,,,,,,,,,,,,,,,,,,,,,,,,,,,,,,,,,,,,,,,,,,,,,,,,,,,,,,,,,,,,,,,,,,,,,,,,,,,,,,,,,,,,,,,,,,,,,,,,,,,,,,,,,,,,,,,,,,,,,,,,,,,,,,,,,,,,,,,,,,,,,,,,,,,,,,,,,,,,,,,,,,,,,,,,,,,,,,,,,,,,,,,,,,,,,,,,,,,,,,,,,,,,,,,,,,,,,,,,,,,,,,,,,,,,,,,,,,,,,,,,,,,,,,,,,,,,,,,,,,,,,,,,,,,,,,,,,,,,,,,,,,,,,,,,,,,,,,,,,,,,,,,,,,,,,,,,,,,,,,,,,,,,,,,,,,,,,,,,,,,,,,,,,,,,,,,,,,,,,,,,,,,,,,,,,,,,,,,,,,,,,,,,,,,,,,,,,,,
12,0,0,0,0,0,0,0,0,0,1,1,0,1,1,0,0,0,0,0,0,1,0,0,0,0,1,0,1,0,1,1,1,0,0,0,0,0,0,1,0,0,0,0,1,0,1,1,1,0,1,0,1,0,1,1,1,0,3,0,1,3,4,6,3,0,0,0,0,3,3,94,6,0,0,1,0,0,2,210,174,1,0,0,0,0,0,0,0,1,1,0,1,0,0,0,0,0,0,0,1,1,0,0,0,1,1,1,1,0,2,1,0,0,0,0,2,1,1,0,0,0,0,0,1,0,0,0,0,0,1,0,2,1,1,1,1,0,2,0,1,4,6,51,5,1,0,0,0,5,3,150,58,0,0,0,0,0,1,207,217,2,0,0,1,0,0,0,0,2,0,0,0,0,0,0,0,1,1,0,2,0,0,0,0,1,2,1,1,0,1,1,0,1,0,0,3,1,0,0,0,1,0,0,2,0,0,0,0,0,2,0,3,1,2,1,1,2,3,0,2,4,8,98,8,1,0,0,0,5,4,150,62,2,0,0,0,0,1,163,275,2,0,0,0,0,0,0,0,1,0,0,0,0,0,0,0,1,1,1,1,0,1,0,0,0,2,2,0,0,1,0,0,0,0,1,3,1,1,0,0,0,0,0,0,0,1,0,0,0,2,0,3,2,3,2,1,0,3,0,1,5,9,97,56,0,0,0,0,6,4,105,142,2,0,0,0,0,1,115,277,4,0,0,1,0,0,0,0,3,0,1,1,0,0,0,0,1,0,1,1,0,0,0,0,2,1,3,2,0,0,1,0,0,0,2,4,0,0,0,0,1,0,1,1,0,0,1,0,0,2,0,5,1,4,10,3,1,2,1,3,2,9,48,101,0,0,1,0,1,3,50,225,4,0,0,0,0,1,68,331,1,1,0,0,0,0,0,0,1,0,0,0,0,1,0,0,1,1,1,0,0,0,0,0,1,0,0,1,1,0,1,0,0,1,1,1,0,0,1,0,0,1,0,1,0,0,0,0,0,1,0,2,3,5,53,6,0,0,0,2,4,10,46,155,0,0,1,1,2,4,46,227,4,0,0,0,0,1,63,328,2,1,0,0,1,0,0,0,2,0,0,0,0,0,0,0,0,1,1,0,0,0,0,0,2,0,0,2,2,0,1,0,0,1,1,2,1,0,2,0,0,1,0,1,1,0,0,0,0,1,0,3,4,5,54,50,0,0,0,3,5,10,44,155,0,0,0,0,2,4,42,274,2,0,0,0,0,1,59,325,3,0,0,1,0,0,0,0,3,0,0,1,0,0,0,0,0,1,1,1,0,0,1,0,3,0,0,3,2,1,1,0,0,1,1,3,0,1,2,0,0,1,0,2,0,0,1,0,0,1,0,4,4,6,51,49,1,0,0,2,5,11,40,151,0,0,0,0,0,4,38,272,3,0,0,0,0,1,55,321,4,0,0,1,0,1,0,0,3,0,0,1,0,0,0,0,0,0,1,1,0,1,0,0,4,0,0,3,3,2,1,0,0,1,2,4,1,0,2,0,0,1,0,1,1,0,0,0,0,0,0,1,4,5,44,45,0,0,0,0,2,9,28,150,0,0,0,0,0,1,29,267,2,0,0,0,0,78,211,245,2,0,1,0,0,1,0,0,2,0,1,0,0,1,0,0,1,0,2,1,0,2,1,0,2,0,1,0,0,2,1,0,2,0,1,1,0,0,1,0,0,0,0,0,0,0,0,0,0,0,1,0,2,3,2,88,0,0,0,0,0,7,23,242,0,0,0,0,1,4,245,316,3,0,0,0,0,59,165,22,2,0,0,0,0,1,0,0,2,0,1,0,0,1,0,0,0,0,2,1,0,2,1,0,2,0,1,0,1,3,0,0,2,0,0,1,1,1,0,0,0,0,0,0,0,0,0,69,0,0,0,0,0,1,2,260,0,0,0,0,0,7,175,234,0,0,0,0,3,5,43,11,0,0,0,1,0,8,13,18,2,0,0,0,0,0,0,0,2,0,2,0,0,0,0,0,0,0,2,0,0,1,1,0,1,0,0,0,1,2,0,1,2,0,0,0,1,0,0,201,0,0,1,0,0,0,56,307,0,0,0,0,0,1,41,36,0,0,0,0,0,7,23,13,0,0,1,0,3,3,39,9,0,0,0,2,0,7,11,15,0.542753497,-0.154778794,-0.062477823,0.526344689,-0.176774512,-0.055831139,0.525725529,-0.228604583,-0.074822096,,,,,,,,,,,,,,,,,,,,,,,,,,,,,,,,,,,,,,,,,,,,,,,,,,,,,,,,,,,,,,,,,,,,,,,,,,,,,,,,,,,,,,,,,,,,,,,,,,,,,,,,,,,,,,,,,,,,,,,,,,,,,,,,,,,,,,,,,,,,,,,,,,,,,,,,,,,,,,,,,,,,,,,,,,,,,,,,,,,,,,,,,,,,,,,,,,,,,,,,,,,,,,,,,,,,,,,,,,,,,,,,,,,,,,,,,,,,,,,,,,,,,,,,,,,,,,,,,,,,,,,,,,,,,,,,,,,,,,,,,,,,,,,,,,,,,,,,,,,,,,,,,,,,,,,,,,,,,,,,,,,,,,,,,,,,,,,,,,,,,,,,,,,,,,,,,,,,,,,,,,,,,,,,,,,,,,,,,,,,,,,,,,,,,,,,,,,,,,,,,,,,,,,,,,,,,,,,,,,,,,,,,,,,,,,,,,,,,,,,,,,,,,,,,,,,,,,,,,,,,,,,,,,,,,,,,,,,,,,,,,,,,,,,,,,,,,,,,,,,,,,,,,,,,,,,,,,,,,,,,,,,,,,,,,,,,,,,,,,,,,,,,,,,,,,,,,,,,,,,,,,,,,,,,,,,,,,,,,,,,,,,,,,,,,,,,,,,,,,,,,,,,,,,,,,,,,,,,,,,,,,,,,,,,,,,,,,,,,,,,,,,,,,,,,,,,,,,,,,,,,,,,,,,,,,,,,,,,,,,,,,,,,,,,,,,,,,,,,,,,,,,,,,,,,,,,,,,,,,,,,,,,,,,,,,,,,,,,,,,,,,,,,,,,,,,,,,,,,,,,,,,,,,,,,,,,,,,,,,,,,,,,,,,,,,,,,,,,,,,,,,,,,,,,,,,,,,,,,,,,,,,,,,,,,,,,,,,,,,,,,,,,,,,,,,,,,,,,,,,,,,,,,,,,,,,,,,,,,,,,,,,,,,,,,,,,,,,,,,,,,,,,,,,,,,,,,,,,,,,,,,,,,,,,,,,,,,,,,,,,,,,,,,,,,,,,,,,,,,,,,,,,,,,,,,,,,,
